// Validating benchmarks:
// ***** BenchmarkRunner: Start   *****
// ***** Found 21 benchmark(s) in total *****
// ***** Building 1 exe(s) in Parallel: Start   *****
// start dotnet  restore --nodeReuse:false /p:UseSharedCompilation=false /p:Deterministic=true /p:Optimize=true /p:ArtifactsPath="C:\Users\herob\Uni\RealUni\Bachelor\code\impl_search_algth\impl_search\bin\Release\net8.0\impl_search-DefaultJob-1/" /p:OutDir="C:\Users\herob\Uni\RealUni\Bachelor\code\impl_search_algth\impl_search\bin\Release\net8.0\impl_search-DefaultJob-1\bin\Release\net8.0/" /p:OutputPath="C:\Users\herob\Uni\RealUni\Bachelor\code\impl_search_algth\impl_search\bin\Release\net8.0\impl_search-DefaultJob-1\bin\Release\net8.0/" /p:PublishDir="C:\Users\herob\Uni\RealUni\Bachelor\code\impl_search_algth\impl_search\bin\Release\net8.0\impl_search-DefaultJob-1\publish/" in C:\Users\herob\Uni\RealUni\Bachelor\code\impl_search_algth\impl_search\bin\Release\net8.0\impl_search-DefaultJob-1
// command took 1.37 sec and exited with 0
// start dotnet  build -c Release --no-restore --nodeReuse:false /p:UseSharedCompilation=false /p:Deterministic=true /p:Optimize=true /p:ArtifactsPath="C:\Users\herob\Uni\RealUni\Bachelor\code\impl_search_algth\impl_search\bin\Release\net8.0\impl_search-DefaultJob-1/" /p:OutDir="C:\Users\herob\Uni\RealUni\Bachelor\code\impl_search_algth\impl_search\bin\Release\net8.0\impl_search-DefaultJob-1\bin\Release\net8.0/" /p:OutputPath="C:\Users\herob\Uni\RealUni\Bachelor\code\impl_search_algth\impl_search\bin\Release\net8.0\impl_search-DefaultJob-1\bin\Release\net8.0/" /p:PublishDir="C:\Users\herob\Uni\RealUni\Bachelor\code\impl_search_algth\impl_search\bin\Release\net8.0\impl_search-DefaultJob-1\publish/" --output "C:\Users\herob\Uni\RealUni\Bachelor\code\impl_search_algth\impl_search\bin\Release\net8.0\impl_search-DefaultJob-1\bin\Release\net8.0/" in C:\Users\herob\Uni\RealUni\Bachelor\code\impl_search_algth\impl_search\bin\Release\net8.0\impl_search-DefaultJob-1
// command took 3.74 sec and exited with 0
// ***** Done, took 00:00:05 (5.22 sec)   *****
// Found 21 benchmarks:
//   SortBenchmark.Running_Astar: DefaultJob [whichGrid=0]
//   SortBenchmark.Running_CnC: DefaultJob [whichGrid=0]
//   SortBenchmark.Running_JPS: DefaultJob [whichGrid=0]
//   SortBenchmark.Running_Astar: DefaultJob [whichGrid=1]
//   SortBenchmark.Running_CnC: DefaultJob [whichGrid=1]
//   SortBenchmark.Running_JPS: DefaultJob [whichGrid=1]
//   SortBenchmark.Running_Astar: DefaultJob [whichGrid=2]
//   SortBenchmark.Running_CnC: DefaultJob [whichGrid=2]
//   SortBenchmark.Running_JPS: DefaultJob [whichGrid=2]
//   SortBenchmark.Running_Astar: DefaultJob [whichGrid=3]
//   SortBenchmark.Running_CnC: DefaultJob [whichGrid=3]
//   SortBenchmark.Running_JPS: DefaultJob [whichGrid=3]
//   SortBenchmark.Running_Astar: DefaultJob [whichGrid=4]
//   SortBenchmark.Running_CnC: DefaultJob [whichGrid=4]
//   SortBenchmark.Running_JPS: DefaultJob [whichGrid=4]
//   SortBenchmark.Running_Astar: DefaultJob [whichGrid=5]
//   SortBenchmark.Running_CnC: DefaultJob [whichGrid=5]
//   SortBenchmark.Running_JPS: DefaultJob [whichGrid=5]
//   SortBenchmark.Running_Astar: DefaultJob [whichGrid=6]
//   SortBenchmark.Running_CnC: DefaultJob [whichGrid=6]
//   SortBenchmark.Running_JPS: DefaultJob [whichGrid=6]

Setup power plan (GUID: 8c5e7fda-e8bf-4a96-9a85-a6e23a8c635c FriendlyName: Höchstleistung)
// **************************
// Benchmark: SortBenchmark.Running_Astar: DefaultJob [whichGrid=0]
// *** Execute ***
// Launch: 1 / 1
// Execute: dotnet impl_search-DefaultJob-1.dll --anonymousPipes 1280 1492 --benchmarkName "impl_search.SortBenchmark.Running_Astar(whichGrid: 0)" --job Default --benchmarkId 0 in C:\Users\herob\Uni\RealUni\Bachelor\code\impl_search_algth\impl_search\bin\Release\net8.0\impl_search-DefaultJob-1\bin\Release\net8.0
// BeforeAnythingElse

// Benchmark Process Environment Information:
// BenchmarkDotNet v0.15.8
// Runtime=.NET 8.0.8 (8.0.8, 8.0.824.36612), X64 RyuJIT x86-64-v3
// GC=Concurrent Workstation
// HardwareIntrinsics=AVX2+BMI1+BMI2+F16C+FMA+LZCNT+MOVBE,AVX,SSE3+SSSE3+SSE4.1+SSE4.2+POPCNT,X86Base+SSE+SSE2,AES+PCLMUL,AvxVnni,SERIALIZE VectorSize=256
// Job: DefaultJob

OverheadJitting  1: 1 op, 94100.00 ns, 94.1000 us/op
WorkloadJitting  1: 1 op, 237100.00 ns, 237.1000 us/op

OverheadJitting  2: 16 op, 135900.00 ns, 8.4938 us/op
WorkloadJitting  2: 16 op, 1290600.00 ns, 80.6625 us/op

WorkloadPilot    1: 16 op, 1111000.00 ns, 69.4375 us/op
WorkloadPilot    2: 32 op, 2322600.00 ns, 72.5813 us/op
WorkloadPilot    3: 64 op, 4999500.00 ns, 78.1172 us/op
WorkloadPilot    4: 128 op, 9128200.00 ns, 71.3141 us/op
WorkloadPilot    5: 256 op, 14358300.00 ns, 56.0871 us/op
WorkloadPilot    6: 512 op, 27025500.00 ns, 52.7842 us/op
WorkloadPilot    7: 1024 op, 53698600.00 ns, 52.4400 us/op
WorkloadPilot    8: 2048 op, 48485400.00 ns, 23.6745 us/op
WorkloadPilot    9: 4096 op, 77831500.00 ns, 19.0018 us/op
WorkloadPilot   10: 8192 op, 154126700.00 ns, 18.8143 us/op
WorkloadPilot   11: 16384 op, 309561900.00 ns, 18.8942 us/op
WorkloadPilot   12: 32768 op, 618622700.00 ns, 18.8789 us/op

OverheadWarmup   1: 32768 op, 67500.00 ns, 2.0599 ns/op
OverheadWarmup   2: 32768 op, 57900.00 ns, 1.7670 ns/op
OverheadWarmup   3: 32768 op, 59600.00 ns, 1.8188 ns/op
OverheadWarmup   4: 32768 op, 58400.00 ns, 1.7822 ns/op
OverheadWarmup   5: 32768 op, 55700.00 ns, 1.6998 ns/op
OverheadWarmup   6: 32768 op, 56000.00 ns, 1.7090 ns/op
OverheadWarmup   7: 32768 op, 59300.00 ns, 1.8097 ns/op
OverheadWarmup   8: 32768 op, 59000.00 ns, 1.8005 ns/op

OverheadActual   1: 32768 op, 59500.00 ns, 1.8158 ns/op
OverheadActual   2: 32768 op, 64100.00 ns, 1.9562 ns/op
OverheadActual   3: 32768 op, 58500.00 ns, 1.7853 ns/op
OverheadActual   4: 32768 op, 59200.00 ns, 1.8066 ns/op
OverheadActual   5: 32768 op, 58100.00 ns, 1.7731 ns/op
OverheadActual   6: 32768 op, 59200.00 ns, 1.8066 ns/op
OverheadActual   7: 32768 op, 59400.00 ns, 1.8127 ns/op
OverheadActual   8: 32768 op, 59100.00 ns, 1.8036 ns/op
OverheadActual   9: 32768 op, 59200.00 ns, 1.8066 ns/op
OverheadActual  10: 32768 op, 58900.00 ns, 1.7975 ns/op
OverheadActual  11: 32768 op, 59200.00 ns, 1.8066 ns/op
OverheadActual  12: 32768 op, 59000.00 ns, 1.8005 ns/op
OverheadActual  13: 32768 op, 59500.00 ns, 1.8158 ns/op
OverheadActual  14: 32768 op, 59100.00 ns, 1.8036 ns/op
OverheadActual  15: 32768 op, 59200.00 ns, 1.8066 ns/op

WorkloadWarmup   1: 32768 op, 622915800.00 ns, 19.0099 us/op
WorkloadWarmup   2: 32768 op, 619520700.00 ns, 18.9063 us/op
WorkloadWarmup   3: 32768 op, 617321500.00 ns, 18.8392 us/op
WorkloadWarmup   4: 32768 op, 622892700.00 ns, 19.0092 us/op
WorkloadWarmup   5: 32768 op, 613787500.00 ns, 18.7313 us/op
WorkloadWarmup   6: 32768 op, 617758500.00 ns, 18.8525 us/op
WorkloadWarmup   7: 32768 op, 617462700.00 ns, 18.8435 us/op

// BeforeActualRun
WorkloadActual   1: 32768 op, 624228400.00 ns, 19.0499 us/op
WorkloadActual   2: 32768 op, 621426100.00 ns, 18.9644 us/op
WorkloadActual   3: 32768 op, 622760600.00 ns, 19.0051 us/op
WorkloadActual   4: 32768 op, 617015200.00 ns, 18.8298 us/op
WorkloadActual   5: 32768 op, 617697600.00 ns, 18.8506 us/op
WorkloadActual   6: 32768 op, 618250100.00 ns, 18.8675 us/op
WorkloadActual   7: 32768 op, 617961400.00 ns, 18.8587 us/op
WorkloadActual   8: 32768 op, 618660500.00 ns, 18.8800 us/op
WorkloadActual   9: 32768 op, 618658400.00 ns, 18.8800 us/op
WorkloadActual  10: 32768 op, 618804200.00 ns, 18.8844 us/op
WorkloadActual  11: 32768 op, 619306800.00 ns, 18.8997 us/op
WorkloadActual  12: 32768 op, 623763800.00 ns, 19.0358 us/op
WorkloadActual  13: 32768 op, 622102400.00 ns, 18.9851 us/op
WorkloadActual  14: 32768 op, 618030500.00 ns, 18.8608 us/op
WorkloadActual  15: 32768 op, 613281300.00 ns, 18.7159 us/op

// AfterActualRun
WorkloadResult   1: 32768 op, 624169200.00 ns, 19.0481 us/op
WorkloadResult   2: 32768 op, 621366900.00 ns, 18.9626 us/op
WorkloadResult   3: 32768 op, 622701400.00 ns, 19.0033 us/op
WorkloadResult   4: 32768 op, 616956000.00 ns, 18.8280 us/op
WorkloadResult   5: 32768 op, 617638400.00 ns, 18.8488 us/op
WorkloadResult   6: 32768 op, 618190900.00 ns, 18.8657 us/op
WorkloadResult   7: 32768 op, 617902200.00 ns, 18.8569 us/op
WorkloadResult   8: 32768 op, 618601300.00 ns, 18.8782 us/op
WorkloadResult   9: 32768 op, 618599200.00 ns, 18.8781 us/op
WorkloadResult  10: 32768 op, 618745000.00 ns, 18.8826 us/op
WorkloadResult  11: 32768 op, 619247600.00 ns, 18.8979 us/op
WorkloadResult  12: 32768 op, 623704600.00 ns, 19.0340 us/op
WorkloadResult  13: 32768 op, 622043200.00 ns, 18.9833 us/op
WorkloadResult  14: 32768 op, 617971300.00 ns, 18.8590 us/op
WorkloadResult  15: 32768 op, 613222100.00 ns, 18.7141 us/op
// GC:  295 14 0 1854406656 32768
// Threading:  0 0 32768

// AfterAll
// Benchmark Process 7932 has exited with code 0.

Mean = 18.903 μs, StdErr = 0.023 μs (0.12%), N = 15, StdDev = 0.089 μs
Min = 18.714 μs, Q1 = 18.858 μs, Median = 18.878 μs, Q3 = 18.973 μs, Max = 19.048 μs
IQR = 0.115 μs, LowerFence = 18.685 μs, UpperFence = 19.145 μs
ConfidenceInterval = [18.808 μs; 18.997 μs] (CI 99.9%), Margin = 0.095 μs (0.50% of Mean)
Skewness = -0.04, Kurtosis = 2.41, MValue = 2

// ** Remained 20 (95,2 %) benchmark(s) to run. Estimated finish 2026-05-01 15:29 (0h 5m from now) **
Setup power plan (GUID: 8c5e7fda-e8bf-4a96-9a85-a6e23a8c635c FriendlyName: Höchstleistung)
// **************************
// Benchmark: SortBenchmark.Running_CnC: DefaultJob [whichGrid=0]
// *** Execute ***
// Launch: 1 / 1
// Execute: dotnet impl_search-DefaultJob-1.dll --anonymousPipes 1176 1264 --benchmarkName "impl_search.SortBenchmark.Running_CnC(whichGrid: 0)" --job Default --benchmarkId 1 in C:\Users\herob\Uni\RealUni\Bachelor\code\impl_search_algth\impl_search\bin\Release\net8.0\impl_search-DefaultJob-1\bin\Release\net8.0
// BeforeAnythingElse

// Benchmark Process Environment Information:
// BenchmarkDotNet v0.15.8
// Runtime=.NET 8.0.8 (8.0.8, 8.0.824.36612), X64 RyuJIT x86-64-v3
// GC=Concurrent Workstation
// HardwareIntrinsics=AVX2+BMI1+BMI2+F16C+FMA+LZCNT+MOVBE,AVX,SSE3+SSSE3+SSE4.1+SSE4.2+POPCNT,X86Base+SSE+SSE2,AES+PCLMUL,AvxVnni,SERIALIZE VectorSize=256
// Job: DefaultJob

OverheadJitting  1: 1 op, 80300.00 ns, 80.3000 us/op
WorkloadJitting  1: 1 op, 1480600.00 ns, 1.4806 ms/op

OverheadJitting  2: 16 op, 175000.00 ns, 10.9375 us/op
WorkloadJitting  2: 16 op, 455900.00 ns, 28.4938 us/op

WorkloadPilot    1: 16 op, 267000.00 ns, 16.6875 us/op
WorkloadPilot    2: 32 op, 433300.00 ns, 13.5406 us/op
WorkloadPilot    3: 64 op, 923800.00 ns, 14.4344 us/op
WorkloadPilot    4: 128 op, 1894500.00 ns, 14.8008 us/op
WorkloadPilot    5: 256 op, 3802100.00 ns, 14.8520 us/op
WorkloadPilot    6: 512 op, 8009400.00 ns, 15.6434 us/op
WorkloadPilot    7: 1024 op, 13298400.00 ns, 12.9867 us/op
WorkloadPilot    8: 2048 op, 24002400.00 ns, 11.7199 us/op
WorkloadPilot    9: 4096 op, 45944400.00 ns, 11.2169 us/op
WorkloadPilot   10: 8192 op, 60735800.00 ns, 7.4140 us/op
WorkloadPilot   11: 16384 op, 72042000.00 ns, 4.3971 us/op
WorkloadPilot   12: 32768 op, 141014800.00 ns, 4.3034 us/op
WorkloadPilot   13: 65536 op, 279733800.00 ns, 4.2684 us/op
WorkloadPilot   14: 131072 op, 559824300.00 ns, 4.2711 us/op

OverheadWarmup   1: 131072 op, 237800.00 ns, 1.8143 ns/op
OverheadWarmup   2: 131072 op, 223900.00 ns, 1.7082 ns/op
OverheadWarmup   3: 131072 op, 219200.00 ns, 1.6724 ns/op
OverheadWarmup   4: 131072 op, 235800.00 ns, 1.7990 ns/op
OverheadWarmup   5: 131072 op, 220100.00 ns, 1.6792 ns/op
OverheadWarmup   6: 131072 op, 219300.00 ns, 1.6731 ns/op
OverheadWarmup   7: 131072 op, 224200.00 ns, 1.7105 ns/op
OverheadWarmup   8: 131072 op, 219100.00 ns, 1.6716 ns/op

OverheadActual   1: 131072 op, 219400.00 ns, 1.6739 ns/op
OverheadActual   2: 131072 op, 224100.00 ns, 1.7097 ns/op
OverheadActual   3: 131072 op, 219400.00 ns, 1.6739 ns/op
OverheadActual   4: 131072 op, 224000.00 ns, 1.7090 ns/op
OverheadActual   5: 131072 op, 219200.00 ns, 1.6724 ns/op
OverheadActual   6: 131072 op, 219200.00 ns, 1.6724 ns/op
OverheadActual   7: 131072 op, 219100.00 ns, 1.6716 ns/op
OverheadActual   8: 131072 op, 228700.00 ns, 1.7448 ns/op
OverheadActual   9: 131072 op, 219000.00 ns, 1.6708 ns/op
OverheadActual  10: 131072 op, 240400.00 ns, 1.8341 ns/op
OverheadActual  11: 131072 op, 286000.00 ns, 2.1820 ns/op
OverheadActual  12: 131072 op, 223200.00 ns, 1.7029 ns/op
OverheadActual  13: 131072 op, 219400.00 ns, 1.6739 ns/op
OverheadActual  14: 131072 op, 219100.00 ns, 1.6716 ns/op
OverheadActual  15: 131072 op, 219000.00 ns, 1.6708 ns/op

WorkloadWarmup   1: 131072 op, 561045000.00 ns, 4.2804 us/op
WorkloadWarmup   2: 131072 op, 559062200.00 ns, 4.2653 us/op
WorkloadWarmup   3: 131072 op, 556449200.00 ns, 4.2454 us/op
WorkloadWarmup   4: 131072 op, 555170700.00 ns, 4.2356 us/op
WorkloadWarmup   5: 131072 op, 554944300.00 ns, 4.2339 us/op
WorkloadWarmup   6: 131072 op, 557239800.00 ns, 4.2514 us/op
WorkloadWarmup   7: 131072 op, 557031400.00 ns, 4.2498 us/op
WorkloadWarmup   8: 131072 op, 559372200.00 ns, 4.2677 us/op
WorkloadWarmup   9: 131072 op, 561374000.00 ns, 4.2829 us/op
WorkloadWarmup  10: 131072 op, 557410600.00 ns, 4.2527 us/op

// BeforeActualRun
WorkloadActual   1: 131072 op, 558244400.00 ns, 4.2591 us/op
WorkloadActual   2: 131072 op, 557100600.00 ns, 4.2503 us/op
WorkloadActual   3: 131072 op, 556310200.00 ns, 4.2443 us/op
WorkloadActual   4: 131072 op, 556129100.00 ns, 4.2429 us/op
WorkloadActual   5: 131072 op, 558653200.00 ns, 4.2622 us/op
WorkloadActual   6: 131072 op, 556157100.00 ns, 4.2431 us/op
WorkloadActual   7: 131072 op, 555274500.00 ns, 4.2364 us/op
WorkloadActual   8: 131072 op, 556434800.00 ns, 4.2453 us/op
WorkloadActual   9: 131072 op, 555438500.00 ns, 4.2377 us/op
WorkloadActual  10: 131072 op, 556831400.00 ns, 4.2483 us/op
WorkloadActual  11: 131072 op, 556578300.00 ns, 4.2464 us/op
WorkloadActual  12: 131072 op, 555720400.00 ns, 4.2398 us/op
WorkloadActual  13: 131072 op, 557872900.00 ns, 4.2562 us/op
WorkloadActual  14: 131072 op, 555897800.00 ns, 4.2412 us/op
WorkloadActual  15: 131072 op, 555940200.00 ns, 4.2415 us/op

// AfterActualRun
WorkloadResult   1: 131072 op, 558025000.00 ns, 4.2574 us/op
WorkloadResult   2: 131072 op, 556881200.00 ns, 4.2487 us/op
WorkloadResult   3: 131072 op, 556090800.00 ns, 4.2426 us/op
WorkloadResult   4: 131072 op, 555909700.00 ns, 4.2413 us/op
WorkloadResult   5: 131072 op, 555937700.00 ns, 4.2415 us/op
WorkloadResult   6: 131072 op, 555055100.00 ns, 4.2347 us/op
WorkloadResult   7: 131072 op, 556215400.00 ns, 4.2436 us/op
WorkloadResult   8: 131072 op, 555219100.00 ns, 4.2360 us/op
WorkloadResult   9: 131072 op, 556612000.00 ns, 4.2466 us/op
WorkloadResult  10: 131072 op, 556358900.00 ns, 4.2447 us/op
WorkloadResult  11: 131072 op, 555501000.00 ns, 4.2381 us/op
WorkloadResult  12: 131072 op, 557653500.00 ns, 4.2546 us/op
WorkloadResult  13: 131072 op, 555678400.00 ns, 4.2395 us/op
WorkloadResult  14: 131072 op, 555720800.00 ns, 4.2398 us/op
// GC:  250 1 0 1571815760 131072
// Threading:  0 0 131072

// AfterAll
// Benchmark Process 28112 has exited with code 0.

Mean = 4.244 μs, StdErr = 0.002 μs (0.04%), N = 14, StdDev = 0.007 μs
Min = 4.235 μs, Q1 = 4.240 μs, Median = 4.242 μs, Q3 = 4.246 μs, Max = 4.257 μs
IQR = 0.007 μs, LowerFence = 4.230 μs, UpperFence = 4.256 μs
ConfidenceInterval = [4.236 μs; 4.251 μs] (CI 99.9%), Margin = 0.007 μs (0.17% of Mean)
Skewness = 0.72, Kurtosis = 2.49, MValue = 2

// ** Remained 19 (90,5 %) benchmark(s) to run. Estimated finish 2026-05-01 15:29 (0h 5m from now) **
Setup power plan (GUID: 8c5e7fda-e8bf-4a96-9a85-a6e23a8c635c FriendlyName: Höchstleistung)
// **************************
// Benchmark: SortBenchmark.Running_JPS: DefaultJob [whichGrid=0]
// *** Execute ***
// Launch: 1 / 1
// Execute: dotnet impl_search-DefaultJob-1.dll --anonymousPipes 1468 616 --benchmarkName "impl_search.SortBenchmark.Running_JPS(whichGrid: 0)" --job Default --benchmarkId 2 in C:\Users\herob\Uni\RealUni\Bachelor\code\impl_search_algth\impl_search\bin\Release\net8.0\impl_search-DefaultJob-1\bin\Release\net8.0
// BeforeAnythingElse

// Benchmark Process Environment Information:
// BenchmarkDotNet v0.15.8
// Runtime=.NET 8.0.8 (8.0.8, 8.0.824.36612), X64 RyuJIT x86-64-v3
// GC=Concurrent Workstation
// HardwareIntrinsics=AVX2+BMI1+BMI2+F16C+FMA+LZCNT+MOVBE,AVX,SSE3+SSSE3+SSE4.1+SSE4.2+POPCNT,X86Base+SSE+SSE2,AES+PCLMUL,AvxVnni,SERIALIZE VectorSize=256
// Job: DefaultJob

OverheadJitting  1: 1 op, 85200.00 ns, 85.2000 us/op
WorkloadJitting  1: 1 op, 237200.00 ns, 237.2000 us/op

OverheadJitting  2: 16 op, 135900.00 ns, 8.4938 us/op
WorkloadJitting  2: 16 op, 926000.00 ns, 57.8750 us/op

WorkloadPilot    1: 16 op, 880600.00 ns, 55.0375 us/op
WorkloadPilot    2: 32 op, 1575100.00 ns, 49.2219 us/op
WorkloadPilot    3: 64 op, 3278200.00 ns, 51.2219 us/op
WorkloadPilot    4: 128 op, 5936700.00 ns, 46.3805 us/op
WorkloadPilot    5: 256 op, 11272400.00 ns, 44.0328 us/op
WorkloadPilot    6: 512 op, 20190700.00 ns, 39.4350 us/op
WorkloadPilot    7: 1024 op, 39545200.00 ns, 38.6184 us/op
WorkloadPilot    8: 2048 op, 67530000.00 ns, 32.9736 us/op
WorkloadPilot    9: 4096 op, 69145200.00 ns, 16.8812 us/op
WorkloadPilot   10: 8192 op, 132152400.00 ns, 16.1319 us/op
WorkloadPilot   11: 16384 op, 264209600.00 ns, 16.1261 us/op
WorkloadPilot   12: 32768 op, 529059500.00 ns, 16.1456 us/op

OverheadWarmup   1: 32768 op, 70200.00 ns, 2.1423 ns/op
OverheadWarmup   2: 32768 op, 54900.00 ns, 1.6754 ns/op
OverheadWarmup   3: 32768 op, 55300.00 ns, 1.6876 ns/op
OverheadWarmup   4: 32768 op, 55000.00 ns, 1.6785 ns/op
OverheadWarmup   5: 32768 op, 59400.00 ns, 1.8127 ns/op
OverheadWarmup   6: 32768 op, 55000.00 ns, 1.6785 ns/op

OverheadActual   1: 32768 op, 55500.00 ns, 1.6937 ns/op
OverheadActual   2: 32768 op, 55000.00 ns, 1.6785 ns/op
OverheadActual   3: 32768 op, 55500.00 ns, 1.6937 ns/op
OverheadActual   4: 32768 op, 55100.00 ns, 1.6815 ns/op
OverheadActual   5: 32768 op, 55400.00 ns, 1.6907 ns/op
OverheadActual   6: 32768 op, 55000.00 ns, 1.6785 ns/op
OverheadActual   7: 32768 op, 55400.00 ns, 1.6907 ns/op
OverheadActual   8: 32768 op, 55000.00 ns, 1.6785 ns/op
OverheadActual   9: 32768 op, 55200.00 ns, 1.6846 ns/op
OverheadActual  10: 32768 op, 54900.00 ns, 1.6754 ns/op
OverheadActual  11: 32768 op, 59800.00 ns, 1.8250 ns/op
OverheadActual  12: 32768 op, 54900.00 ns, 1.6754 ns/op
OverheadActual  13: 32768 op, 55200.00 ns, 1.6846 ns/op
OverheadActual  14: 32768 op, 54900.00 ns, 1.6754 ns/op
OverheadActual  15: 32768 op, 55300.00 ns, 1.6876 ns/op

WorkloadWarmup   1: 32768 op, 529433100.00 ns, 16.1570 us/op
WorkloadWarmup   2: 32768 op, 526728600.00 ns, 16.0745 us/op
WorkloadWarmup   3: 32768 op, 525101200.00 ns, 16.0248 us/op
WorkloadWarmup   4: 32768 op, 525415900.00 ns, 16.0344 us/op
WorkloadWarmup   5: 32768 op, 527515400.00 ns, 16.0985 us/op
WorkloadWarmup   6: 32768 op, 526349800.00 ns, 16.0629 us/op
WorkloadWarmup   7: 32768 op, 525431000.00 ns, 16.0349 us/op
WorkloadWarmup   8: 32768 op, 526421300.00 ns, 16.0651 us/op
WorkloadWarmup   9: 32768 op, 526396300.00 ns, 16.0643 us/op

// BeforeActualRun
WorkloadActual   1: 32768 op, 531123400.00 ns, 16.2086 us/op
WorkloadActual   2: 32768 op, 525893300.00 ns, 16.0490 us/op
WorkloadActual   3: 32768 op, 527021100.00 ns, 16.0834 us/op
WorkloadActual   4: 32768 op, 525948100.00 ns, 16.0507 us/op
WorkloadActual   5: 32768 op, 526695600.00 ns, 16.0735 us/op
WorkloadActual   6: 32768 op, 526078300.00 ns, 16.0546 us/op
WorkloadActual   7: 32768 op, 526670600.00 ns, 16.0727 us/op
WorkloadActual   8: 32768 op, 526155700.00 ns, 16.0570 us/op
WorkloadActual   9: 32768 op, 524638900.00 ns, 16.0107 us/op
WorkloadActual  10: 32768 op, 526422500.00 ns, 16.0651 us/op
WorkloadActual  11: 32768 op, 526366600.00 ns, 16.0634 us/op
WorkloadActual  12: 32768 op, 526009000.00 ns, 16.0525 us/op
WorkloadActual  13: 32768 op, 524623500.00 ns, 16.0102 us/op
WorkloadActual  14: 32768 op, 525946600.00 ns, 16.0506 us/op
WorkloadActual  15: 32768 op, 526025900.00 ns, 16.0530 us/op

// AfterActualRun
WorkloadResult   1: 32768 op, 525838100.00 ns, 16.0473 us/op
WorkloadResult   2: 32768 op, 526965900.00 ns, 16.0817 us/op
WorkloadResult   3: 32768 op, 525892900.00 ns, 16.0490 us/op
WorkloadResult   4: 32768 op, 526640400.00 ns, 16.0718 us/op
WorkloadResult   5: 32768 op, 526023100.00 ns, 16.0530 us/op
WorkloadResult   6: 32768 op, 526615400.00 ns, 16.0710 us/op
WorkloadResult   7: 32768 op, 526100500.00 ns, 16.0553 us/op
WorkloadResult   8: 32768 op, 524583700.00 ns, 16.0090 us/op
WorkloadResult   9: 32768 op, 526367300.00 ns, 16.0635 us/op
WorkloadResult  10: 32768 op, 526311400.00 ns, 16.0617 us/op
WorkloadResult  11: 32768 op, 525953800.00 ns, 16.0508 us/op
WorkloadResult  12: 32768 op, 524568300.00 ns, 16.0086 us/op
WorkloadResult  13: 32768 op, 525891400.00 ns, 16.0489 us/op
WorkloadResult  14: 32768 op, 525970700.00 ns, 16.0514 us/op
// GC:  187 2 0 1176764416 32768
// Threading:  0 0 32768

// AfterAll
// Benchmark Process 19452 has exited with code 0.

Mean = 16.052 μs, StdErr = 0.006 μs (0.03%), N = 14, StdDev = 0.021 μs
Min = 16.009 μs, Q1 = 16.049 μs, Median = 16.052 μs, Q3 = 16.063 μs, Max = 16.082 μs
IQR = 0.014 μs, LowerFence = 16.028 μs, UpperFence = 16.084 μs
ConfidenceInterval = [16.028 μs; 16.075 μs] (CI 99.9%), Margin = 0.024 μs (0.15% of Mean)
Skewness = -0.88, Kurtosis = 2.99, MValue = 2

// ** Remained 18 (85,7 %) benchmark(s) to run. Estimated finish 2026-05-01 15:29 (0h 4m from now) **
Setup power plan (GUID: 8c5e7fda-e8bf-4a96-9a85-a6e23a8c635c FriendlyName: Höchstleistung)
// **************************
// Benchmark: SortBenchmark.Running_Astar: DefaultJob [whichGrid=1]
// *** Execute ***
// Launch: 1 / 1
// Execute: dotnet impl_search-DefaultJob-1.dll --anonymousPipes 1204 2036 --benchmarkName "impl_search.SortBenchmark.Running_Astar(whichGrid: 1)" --job Default --benchmarkId 3 in C:\Users\herob\Uni\RealUni\Bachelor\code\impl_search_algth\impl_search\bin\Release\net8.0\impl_search-DefaultJob-1\bin\Release\net8.0
// BeforeAnythingElse

// Benchmark Process Environment Information:
// BenchmarkDotNet v0.15.8
// Runtime=.NET 8.0.8 (8.0.8, 8.0.824.36612), X64 RyuJIT x86-64-v3
// GC=Concurrent Workstation
// HardwareIntrinsics=AVX2+BMI1+BMI2+F16C+FMA+LZCNT+MOVBE,AVX,SSE3+SSSE3+SSE4.1+SSE4.2+POPCNT,X86Base+SSE+SSE2,AES+PCLMUL,AvxVnni,SERIALIZE VectorSize=256
// Job: DefaultJob

OverheadJitting  1: 1 op, 77600.00 ns, 77.6000 us/op
WorkloadJitting  1: 1 op, 685700.00 ns, 685.7000 us/op

OverheadJitting  2: 16 op, 140700.00 ns, 8.7938 us/op
WorkloadJitting  2: 16 op, 4601500.00 ns, 287.5938 us/op

WorkloadPilot    1: 16 op, 4609500.00 ns, 288.0938 us/op
WorkloadPilot    2: 32 op, 8009200.00 ns, 250.2875 us/op
WorkloadPilot    3: 64 op, 16121200.00 ns, 251.8938 us/op
WorkloadPilot    4: 128 op, 28651300.00 ns, 223.8383 us/op
WorkloadPilot    5: 256 op, 51436400.00 ns, 200.9234 us/op
WorkloadPilot    6: 512 op, 53058000.00 ns, 103.6289 us/op
WorkloadPilot    7: 1024 op, 68826800.00 ns, 67.2137 us/op
WorkloadPilot    8: 2048 op, 133366000.00 ns, 65.1201 us/op
WorkloadPilot    9: 4096 op, 266987000.00 ns, 65.1824 us/op
WorkloadPilot   10: 8192 op, 528556400.00 ns, 64.5210 us/op

OverheadWarmup   1: 8192 op, 16500.00 ns, 2.0142 ns/op
OverheadWarmup   2: 8192 op, 14100.00 ns, 1.7212 ns/op
OverheadWarmup   3: 8192 op, 14100.00 ns, 1.7212 ns/op
OverheadWarmup   4: 8192 op, 14000.00 ns, 1.7090 ns/op
OverheadWarmup   5: 8192 op, 14200.00 ns, 1.7334 ns/op
OverheadWarmup   6: 8192 op, 14000.00 ns, 1.7090 ns/op

OverheadActual   1: 8192 op, 14100.00 ns, 1.7212 ns/op
OverheadActual   2: 8192 op, 14100.00 ns, 1.7212 ns/op
OverheadActual   3: 8192 op, 14600.00 ns, 1.7822 ns/op
OverheadActual   4: 8192 op, 14100.00 ns, 1.7212 ns/op
OverheadActual   5: 8192 op, 14100.00 ns, 1.7212 ns/op
OverheadActual   6: 8192 op, 14000.00 ns, 1.7090 ns/op
OverheadActual   7: 8192 op, 14000.00 ns, 1.7090 ns/op
OverheadActual   8: 8192 op, 14000.00 ns, 1.7090 ns/op
OverheadActual   9: 8192 op, 14000.00 ns, 1.7090 ns/op
OverheadActual  10: 8192 op, 14100.00 ns, 1.7212 ns/op
OverheadActual  11: 8192 op, 14300.00 ns, 1.7456 ns/op
OverheadActual  12: 8192 op, 14000.00 ns, 1.7090 ns/op
OverheadActual  13: 8192 op, 14000.00 ns, 1.7090 ns/op
OverheadActual  14: 8192 op, 14000.00 ns, 1.7090 ns/op
OverheadActual  15: 8192 op, 14000.00 ns, 1.7090 ns/op

WorkloadWarmup   1: 8192 op, 531429400.00 ns, 64.8718 us/op
WorkloadWarmup   2: 8192 op, 531947800.00 ns, 64.9350 us/op
WorkloadWarmup   3: 8192 op, 528845400.00 ns, 64.5563 us/op
WorkloadWarmup   4: 8192 op, 531903900.00 ns, 64.9297 us/op
WorkloadWarmup   5: 8192 op, 536333200.00 ns, 65.4704 us/op
WorkloadWarmup   6: 8192 op, 530530200.00 ns, 64.7620 us/op

// BeforeActualRun
WorkloadActual   1: 8192 op, 530820000.00 ns, 64.7974 us/op
WorkloadActual   2: 8192 op, 530139500.00 ns, 64.7143 us/op
WorkloadActual   3: 8192 op, 531719900.00 ns, 64.9072 us/op
WorkloadActual   4: 8192 op, 529581700.00 ns, 64.6462 us/op
WorkloadActual   5: 8192 op, 533958800.00 ns, 65.1805 us/op
WorkloadActual   6: 8192 op, 530686200.00 ns, 64.7810 us/op
WorkloadActual   7: 8192 op, 529213400.00 ns, 64.6012 us/op
WorkloadActual   8: 8192 op, 529592500.00 ns, 64.6475 us/op
WorkloadActual   9: 8192 op, 530981700.00 ns, 64.8171 us/op
WorkloadActual  10: 8192 op, 534212800.00 ns, 65.2115 us/op
WorkloadActual  11: 8192 op, 529472000.00 ns, 64.6328 us/op
WorkloadActual  12: 8192 op, 530137800.00 ns, 64.7141 us/op
WorkloadActual  13: 8192 op, 530511900.00 ns, 64.7598 us/op
WorkloadActual  14: 8192 op, 530087500.00 ns, 64.7079 us/op
WorkloadActual  15: 8192 op, 528708200.00 ns, 64.5396 us/op

// AfterActualRun
WorkloadResult   1: 8192 op, 530806000.00 ns, 64.7957 us/op
WorkloadResult   2: 8192 op, 530125500.00 ns, 64.7126 us/op
WorkloadResult   3: 8192 op, 531705900.00 ns, 64.9055 us/op
WorkloadResult   4: 8192 op, 529567700.00 ns, 64.6445 us/op
WorkloadResult   5: 8192 op, 530672200.00 ns, 64.7793 us/op
WorkloadResult   6: 8192 op, 529199400.00 ns, 64.5995 us/op
WorkloadResult   7: 8192 op, 529578500.00 ns, 64.6458 us/op
WorkloadResult   8: 8192 op, 530967700.00 ns, 64.8154 us/op
WorkloadResult   9: 8192 op, 529458000.00 ns, 64.6311 us/op
WorkloadResult  10: 8192 op, 530123800.00 ns, 64.7124 us/op
WorkloadResult  11: 8192 op, 530497900.00 ns, 64.7580 us/op
WorkloadResult  12: 8192 op, 530073500.00 ns, 64.7062 us/op
WorkloadResult  13: 8192 op, 528694200.00 ns, 64.5379 us/op
// GC:  225 22 0 1411711312 8192
// Threading:  0 0 8192

// AfterAll
// Benchmark Process 8940 has exited with code 0.

Mean = 64.711 μs, StdErr = 0.028 μs (0.04%), N = 13, StdDev = 0.100 μs
Min = 64.538 μs, Q1 = 64.644 μs, Median = 64.712 μs, Q3 = 64.779 μs, Max = 64.906 μs
IQR = 0.135 μs, LowerFence = 64.442 μs, UpperFence = 64.982 μs
ConfidenceInterval = [64.591 μs; 64.831 μs] (CI 99.9%), Margin = 0.120 μs (0.19% of Mean)
Skewness = 0.14, Kurtosis = 2.11, MValue = 2

// ** Remained 17 (81,0 %) benchmark(s) to run. Estimated finish 2026-05-01 15:29 (0h 4m from now) **
Setup power plan (GUID: 8c5e7fda-e8bf-4a96-9a85-a6e23a8c635c FriendlyName: Höchstleistung)
// **************************
// Benchmark: SortBenchmark.Running_CnC: DefaultJob [whichGrid=1]
// *** Execute ***
// Launch: 1 / 1
// Execute: dotnet impl_search-DefaultJob-1.dll --anonymousPipes 1264 1176 --benchmarkName "impl_search.SortBenchmark.Running_CnC(whichGrid: 1)" --job Default --benchmarkId 4 in C:\Users\herob\Uni\RealUni\Bachelor\code\impl_search_algth\impl_search\bin\Release\net8.0\impl_search-DefaultJob-1\bin\Release\net8.0
// BeforeAnythingElse

// Benchmark Process Environment Information:
// BenchmarkDotNet v0.15.8
// Runtime=.NET 8.0.8 (8.0.8, 8.0.824.36612), X64 RyuJIT x86-64-v3
// GC=Concurrent Workstation
// HardwareIntrinsics=AVX2+BMI1+BMI2+F16C+FMA+LZCNT+MOVBE,AVX,SSE3+SSSE3+SSE4.1+SSE4.2+POPCNT,X86Base+SSE+SSE2,AES+PCLMUL,AvxVnni,SERIALIZE VectorSize=256
// Job: DefaultJob

OverheadJitting  1: 1 op, 85500.00 ns, 85.5000 us/op
WorkloadJitting  1: 1 op, 170000.00 ns, 170.0000 us/op

OverheadJitting  2: 16 op, 190600.00 ns, 11.9125 us/op
WorkloadJitting  2: 16 op, 308600.00 ns, 19.2875 us/op

WorkloadPilot    1: 16 op, 178400.00 ns, 11.1500 us/op
WorkloadPilot    2: 32 op, 326500.00 ns, 10.2031 us/op
WorkloadPilot    3: 64 op, 616800.00 ns, 9.6375 us/op
WorkloadPilot    4: 128 op, 1367000.00 ns, 10.6797 us/op
WorkloadPilot    5: 256 op, 2421100.00 ns, 9.4574 us/op
WorkloadPilot    6: 512 op, 4133700.00 ns, 8.0736 us/op
WorkloadPilot    7: 1024 op, 6832900.00 ns, 6.6728 us/op
WorkloadPilot    8: 2048 op, 12045500.00 ns, 5.8816 us/op
WorkloadPilot    9: 4096 op, 22643000.00 ns, 5.5281 us/op
WorkloadPilot   10: 8192 op, 43327900.00 ns, 5.2891 us/op
WorkloadPilot   11: 16384 op, 68370400.00 ns, 4.1730 us/op
WorkloadPilot   12: 32768 op, 101558300.00 ns, 3.0993 us/op
WorkloadPilot   13: 65536 op, 201581200.00 ns, 3.0759 us/op
WorkloadPilot   14: 131072 op, 401548900.00 ns, 3.0636 us/op
WorkloadPilot   15: 262144 op, 795512000.00 ns, 3.0346 us/op

OverheadWarmup   1: 262144 op, 465000.00 ns, 1.7738 ns/op
OverheadWarmup   2: 262144 op, 438900.00 ns, 1.6743 ns/op
OverheadWarmup   3: 262144 op, 437900.00 ns, 1.6705 ns/op
OverheadWarmup   4: 262144 op, 441900.00 ns, 1.6857 ns/op
OverheadWarmup   5: 262144 op, 520400.00 ns, 1.9852 ns/op
OverheadWarmup   6: 262144 op, 446200.00 ns, 1.7021 ns/op
OverheadWarmup   7: 262144 op, 439000.00 ns, 1.6747 ns/op
OverheadWarmup   8: 262144 op, 439000.00 ns, 1.6747 ns/op
OverheadWarmup   9: 262144 op, 439000.00 ns, 1.6747 ns/op

OverheadActual   1: 262144 op, 437700.00 ns, 1.6697 ns/op
OverheadActual   2: 262144 op, 439200.00 ns, 1.6754 ns/op
OverheadActual   3: 262144 op, 503600.00 ns, 1.9211 ns/op
OverheadActual   4: 262144 op, 439200.00 ns, 1.6754 ns/op
OverheadActual   5: 262144 op, 437700.00 ns, 1.6697 ns/op
OverheadActual   6: 262144 op, 437600.00 ns, 1.6693 ns/op
OverheadActual   7: 262144 op, 439000.00 ns, 1.6747 ns/op
OverheadActual   8: 262144 op, 457400.00 ns, 1.7448 ns/op
OverheadActual   9: 262144 op, 438800.00 ns, 1.6739 ns/op
OverheadActual  10: 262144 op, 439000.00 ns, 1.6747 ns/op
OverheadActual  11: 262144 op, 439000.00 ns, 1.6747 ns/op
OverheadActual  12: 262144 op, 439200.00 ns, 1.6754 ns/op
OverheadActual  13: 262144 op, 445500.00 ns, 1.6994 ns/op
OverheadActual  14: 262144 op, 447700.00 ns, 1.7078 ns/op
OverheadActual  15: 262144 op, 439300.00 ns, 1.6758 ns/op

WorkloadWarmup   1: 262144 op, 796812700.00 ns, 3.0396 us/op
WorkloadWarmup   2: 262144 op, 796047000.00 ns, 3.0367 us/op
WorkloadWarmup   3: 262144 op, 795450500.00 ns, 3.0344 us/op
WorkloadWarmup   4: 262144 op, 795111000.00 ns, 3.0331 us/op
WorkloadWarmup   5: 262144 op, 794109100.00 ns, 3.0293 us/op
WorkloadWarmup   6: 262144 op, 796424200.00 ns, 3.0381 us/op
WorkloadWarmup   7: 262144 op, 798023000.00 ns, 3.0442 us/op
WorkloadWarmup   8: 262144 op, 795581600.00 ns, 3.0349 us/op
WorkloadWarmup   9: 262144 op, 798410200.00 ns, 3.0457 us/op
WorkloadWarmup  10: 262144 op, 796839100.00 ns, 3.0397 us/op

// BeforeActualRun
WorkloadActual   1: 262144 op, 796802300.00 ns, 3.0396 us/op
WorkloadActual   2: 262144 op, 794647500.00 ns, 3.0313 us/op
WorkloadActual   3: 262144 op, 793002500.00 ns, 3.0251 us/op
WorkloadActual   4: 262144 op, 793107700.00 ns, 3.0255 us/op
WorkloadActual   5: 262144 op, 801165100.00 ns, 3.0562 us/op
WorkloadActual   6: 262144 op, 796433700.00 ns, 3.0382 us/op
WorkloadActual   7: 262144 op, 793675500.00 ns, 3.0276 us/op
WorkloadActual   8: 262144 op, 793952400.00 ns, 3.0287 us/op
WorkloadActual   9: 262144 op, 793483600.00 ns, 3.0269 us/op
WorkloadActual  10: 262144 op, 793495100.00 ns, 3.0269 us/op
WorkloadActual  11: 262144 op, 794114700.00 ns, 3.0293 us/op
WorkloadActual  12: 262144 op, 794030200.00 ns, 3.0290 us/op
WorkloadActual  13: 262144 op, 792973200.00 ns, 3.0250 us/op
WorkloadActual  14: 262144 op, 797878000.00 ns, 3.0437 us/op
WorkloadActual  15: 262144 op, 796555700.00 ns, 3.0386 us/op

// AfterActualRun
WorkloadResult   1: 262144 op, 796363100.00 ns, 3.0379 us/op
WorkloadResult   2: 262144 op, 794208300.00 ns, 3.0297 us/op
WorkloadResult   3: 262144 op, 792563300.00 ns, 3.0234 us/op
WorkloadResult   4: 262144 op, 792668500.00 ns, 3.0238 us/op
WorkloadResult   5: 262144 op, 795994500.00 ns, 3.0365 us/op
WorkloadResult   6: 262144 op, 793236300.00 ns, 3.0260 us/op
WorkloadResult   7: 262144 op, 793513200.00 ns, 3.0270 us/op
WorkloadResult   8: 262144 op, 793044400.00 ns, 3.0252 us/op
WorkloadResult   9: 262144 op, 793055900.00 ns, 3.0253 us/op
WorkloadResult  10: 262144 op, 793675500.00 ns, 3.0276 us/op
WorkloadResult  11: 262144 op, 793591000.00 ns, 3.0273 us/op
WorkloadResult  12: 262144 op, 792534000.00 ns, 3.0233 us/op
WorkloadResult  13: 262144 op, 797438800.00 ns, 3.0420 us/op
WorkloadResult  14: 262144 op, 796116500.00 ns, 3.0369 us/op
// GC:  392 8 0 2459959296 262144
// Threading:  0 0 262144

// AfterAll
// Benchmark Process 26884 has exited with code 0.

Mean = 3.029 μs, StdErr = 0.002 μs (0.05%), N = 14, StdDev = 0.006 μs
Min = 3.023 μs, Q1 = 3.025 μs, Median = 3.027 μs, Q3 = 3.035 μs, Max = 3.042 μs
IQR = 0.010 μs, LowerFence = 3.011 μs, UpperFence = 3.049 μs
ConfidenceInterval = [3.022 μs; 3.036 μs] (CI 99.9%), Margin = 0.007 μs (0.23% of Mean)
Skewness = 0.75, Kurtosis = 1.93, MValue = 2

// ** Remained 16 (76,2 %) benchmark(s) to run. Estimated finish 2026-05-01 15:30 (0h 4m from now) **
Setup power plan (GUID: 8c5e7fda-e8bf-4a96-9a85-a6e23a8c635c FriendlyName: Höchstleistung)
// **************************
// Benchmark: SortBenchmark.Running_JPS: DefaultJob [whichGrid=1]
// *** Execute ***
// Launch: 1 / 1
// Execute: dotnet impl_search-DefaultJob-1.dll --anonymousPipes 1468 2036 --benchmarkName "impl_search.SortBenchmark.Running_JPS(whichGrid: 1)" --job Default --benchmarkId 5 in C:\Users\herob\Uni\RealUni\Bachelor\code\impl_search_algth\impl_search\bin\Release\net8.0\impl_search-DefaultJob-1\bin\Release\net8.0
// BeforeAnythingElse

// Benchmark Process Environment Information:
// BenchmarkDotNet v0.15.8
// Runtime=.NET 8.0.8 (8.0.8, 8.0.824.36612), X64 RyuJIT x86-64-v3
// GC=Concurrent Workstation
// HardwareIntrinsics=AVX2+BMI1+BMI2+F16C+FMA+LZCNT+MOVBE,AVX,SSE3+SSSE3+SSE4.1+SSE4.2+POPCNT,X86Base+SSE+SSE2,AES+PCLMUL,AvxVnni,SERIALIZE VectorSize=256
// Job: DefaultJob

OverheadJitting  1: 1 op, 79000.00 ns, 79.0000 us/op
WorkloadJitting  1: 1 op, 896900.00 ns, 896.9000 us/op

OverheadJitting  2: 16 op, 122600.00 ns, 7.6625 us/op
WorkloadJitting  2: 16 op, 10800200.00 ns, 675.0125 us/op

WorkloadPilot    1: 16 op, 10342700.00 ns, 646.4188 us/op
WorkloadPilot    2: 32 op, 17968400.00 ns, 561.5125 us/op
WorkloadPilot    3: 64 op, 34381900.00 ns, 537.2172 us/op
WorkloadPilot    4: 128 op, 67949800.00 ns, 530.8578 us/op
WorkloadPilot    5: 256 op, 120389700.00 ns, 470.2723 us/op
WorkloadPilot    6: 512 op, 160145100.00 ns, 312.7834 us/op
WorkloadPilot    7: 1024 op, 315845500.00 ns, 308.4429 us/op
WorkloadPilot    8: 2048 op, 636371700.00 ns, 310.7284 us/op

OverheadWarmup   1: 2048 op, 5700.00 ns, 2.7832 ns/op
OverheadWarmup   2: 2048 op, 4200.00 ns, 2.0508 ns/op
OverheadWarmup   3: 2048 op, 3800.00 ns, 1.8555 ns/op
OverheadWarmup   4: 2048 op, 3800.00 ns, 1.8555 ns/op
OverheadWarmup   5: 2048 op, 3800.00 ns, 1.8555 ns/op
OverheadWarmup   6: 2048 op, 3900.00 ns, 1.9043 ns/op
OverheadWarmup   7: 2048 op, 3800.00 ns, 1.8555 ns/op

OverheadActual   1: 2048 op, 3800.00 ns, 1.8555 ns/op
OverheadActual   2: 2048 op, 3800.00 ns, 1.8555 ns/op
OverheadActual   3: 2048 op, 3800.00 ns, 1.8555 ns/op
OverheadActual   4: 2048 op, 3800.00 ns, 1.8555 ns/op
OverheadActual   5: 2048 op, 3800.00 ns, 1.8555 ns/op
OverheadActual   6: 2048 op, 3800.00 ns, 1.8555 ns/op
OverheadActual   7: 2048 op, 3800.00 ns, 1.8555 ns/op
OverheadActual   8: 2048 op, 3700.00 ns, 1.8066 ns/op
OverheadActual   9: 2048 op, 3800.00 ns, 1.8555 ns/op
OverheadActual  10: 2048 op, 3800.00 ns, 1.8555 ns/op
OverheadActual  11: 2048 op, 3800.00 ns, 1.8555 ns/op
OverheadActual  12: 2048 op, 3800.00 ns, 1.8555 ns/op
OverheadActual  13: 2048 op, 3800.00 ns, 1.8555 ns/op
OverheadActual  14: 2048 op, 4100.00 ns, 2.0020 ns/op
OverheadActual  15: 2048 op, 4100.00 ns, 2.0020 ns/op

WorkloadWarmup   1: 2048 op, 638831800.00 ns, 311.9296 us/op
WorkloadWarmup   2: 2048 op, 631971600.00 ns, 308.5799 us/op
WorkloadWarmup   3: 2048 op, 632901200.00 ns, 309.0338 us/op
WorkloadWarmup   4: 2048 op, 635390000.00 ns, 310.2490 us/op
WorkloadWarmup   5: 2048 op, 635103200.00 ns, 310.1090 us/op
WorkloadWarmup   6: 2048 op, 634900100.00 ns, 310.0098 us/op
WorkloadWarmup   7: 2048 op, 631978900.00 ns, 308.5834 us/op
WorkloadWarmup   8: 2048 op, 632270300.00 ns, 308.7257 us/op
WorkloadWarmup   9: 2048 op, 633172400.00 ns, 309.1662 us/op
WorkloadWarmup  10: 2048 op, 634944300.00 ns, 310.0314 us/op
WorkloadWarmup  11: 2048 op, 634304200.00 ns, 309.7188 us/op

// BeforeActualRun
WorkloadActual   1: 2048 op, 634430300.00 ns, 309.7804 us/op
WorkloadActual   2: 2048 op, 631901700.00 ns, 308.5458 us/op
WorkloadActual   3: 2048 op, 636140000.00 ns, 310.6152 us/op
WorkloadActual   4: 2048 op, 633053400.00 ns, 309.1081 us/op
WorkloadActual   5: 2048 op, 633889000.00 ns, 309.5161 us/op
WorkloadActual   6: 2048 op, 632399500.00 ns, 308.7888 us/op
WorkloadActual   7: 2048 op, 631389300.00 ns, 308.2956 us/op
WorkloadActual   8: 2048 op, 633107100.00 ns, 309.1343 us/op
WorkloadActual   9: 2048 op, 632206400.00 ns, 308.6945 us/op
WorkloadActual  10: 2048 op, 631031700.00 ns, 308.1209 us/op
WorkloadActual  11: 2048 op, 633431300.00 ns, 309.2926 us/op
WorkloadActual  12: 2048 op, 637731200.00 ns, 311.3922 us/op
WorkloadActual  13: 2048 op, 633320600.00 ns, 309.2386 us/op
WorkloadActual  14: 2048 op, 631892600.00 ns, 308.5413 us/op
WorkloadActual  15: 2048 op, 631722400.00 ns, 308.4582 us/op

// AfterActualRun
WorkloadResult   1: 2048 op, 634426500.00 ns, 309.7786 us/op
WorkloadResult   2: 2048 op, 631897900.00 ns, 308.5439 us/op
WorkloadResult   3: 2048 op, 636136200.00 ns, 310.6134 us/op
WorkloadResult   4: 2048 op, 633049600.00 ns, 309.1063 us/op
WorkloadResult   5: 2048 op, 633885200.00 ns, 309.5143 us/op
WorkloadResult   6: 2048 op, 632395700.00 ns, 308.7870 us/op
WorkloadResult   7: 2048 op, 631385500.00 ns, 308.2937 us/op
WorkloadResult   8: 2048 op, 633103300.00 ns, 309.1325 us/op
WorkloadResult   9: 2048 op, 632202600.00 ns, 308.6927 us/op
WorkloadResult  10: 2048 op, 631027900.00 ns, 308.1191 us/op
WorkloadResult  11: 2048 op, 633427500.00 ns, 309.2908 us/op
WorkloadResult  12: 2048 op, 633316800.00 ns, 309.2367 us/op
WorkloadResult  13: 2048 op, 631888800.00 ns, 308.5395 us/op
WorkloadResult  14: 2048 op, 631718600.00 ns, 308.4563 us/op
// GC:  156 0 0 983482368 2048
// Threading:  0 0 2048

// AfterAll
// Benchmark Process 23316 has exited with code 0.

Mean = 309.007 μs, StdErr = 0.178 μs (0.06%), N = 14, StdDev = 0.666 μs
Min = 308.119 μs, Q1 = 308.541 μs, Median = 308.947 μs, Q3 = 309.277 μs, Max = 310.613 μs
IQR = 0.737 μs, LowerFence = 307.436 μs, UpperFence = 310.382 μs
ConfidenceInterval = [308.256 μs; 309.759 μs] (CI 99.9%), Margin = 0.752 μs (0.24% of Mean)
Skewness = 0.79, Kurtosis = 2.96, MValue = 2

// ** Remained 15 (71,4 %) benchmark(s) to run. Estimated finish 2026-05-01 15:30 (0h 4m from now) **
Setup power plan (GUID: 8c5e7fda-e8bf-4a96-9a85-a6e23a8c635c FriendlyName: Höchstleistung)
// **************************
// Benchmark: SortBenchmark.Running_Astar: DefaultJob [whichGrid=2]
// *** Execute ***
// Launch: 1 / 1
// Execute: dotnet impl_search-DefaultJob-1.dll --anonymousPipes 616 2024 --benchmarkName "impl_search.SortBenchmark.Running_Astar(whichGrid: 2)" --job Default --benchmarkId 6 in C:\Users\herob\Uni\RealUni\Bachelor\code\impl_search_algth\impl_search\bin\Release\net8.0\impl_search-DefaultJob-1\bin\Release\net8.0
// BeforeAnythingElse

// Benchmark Process Environment Information:
// BenchmarkDotNet v0.15.8
// Runtime=.NET 8.0.8 (8.0.8, 8.0.824.36612), X64 RyuJIT x86-64-v3
// GC=Concurrent Workstation
// HardwareIntrinsics=AVX2+BMI1+BMI2+F16C+FMA+LZCNT+MOVBE,AVX,SSE3+SSSE3+SSE4.1+SSE4.2+POPCNT,X86Base+SSE+SSE2,AES+PCLMUL,AvxVnni,SERIALIZE VectorSize=256
// Job: DefaultJob

OverheadJitting  1: 1 op, 75700.00 ns, 75.7000 us/op
WorkloadJitting  1: 1 op, 1966500.00 ns, 1.9665 ms/op

OverheadJitting  2: 16 op, 138200.00 ns, 8.6375 us/op
WorkloadJitting  2: 16 op, 25584300.00 ns, 1.5990 ms/op

WorkloadPilot    1: 16 op, 18764900.00 ns, 1.1728 ms/op
WorkloadPilot    2: 32 op, 33712400.00 ns, 1.0535 ms/op
WorkloadPilot    3: 64 op, 63221600.00 ns, 987.8375 us/op
WorkloadPilot    4: 128 op, 113760500.00 ns, 888.7539 us/op
WorkloadPilot    5: 256 op, 117801400.00 ns, 460.1617 us/op
WorkloadPilot    6: 512 op, 230429400.00 ns, 450.0574 us/op
WorkloadPilot    7: 1024 op, 459384100.00 ns, 448.6173 us/op
WorkloadPilot    8: 2048 op, 918268800.00 ns, 448.3734 us/op

OverheadWarmup   1: 2048 op, 5100.00 ns, 2.4902 ns/op
OverheadWarmup   2: 2048 op, 3900.00 ns, 1.9043 ns/op
OverheadWarmup   3: 2048 op, 3800.00 ns, 1.8555 ns/op
OverheadWarmup   4: 2048 op, 3800.00 ns, 1.8555 ns/op
OverheadWarmup   5: 2048 op, 3800.00 ns, 1.8555 ns/op
OverheadWarmup   6: 2048 op, 3700.00 ns, 1.8066 ns/op
OverheadWarmup   7: 2048 op, 3900.00 ns, 1.9043 ns/op

OverheadActual   1: 2048 op, 3900.00 ns, 1.9043 ns/op
OverheadActual   2: 2048 op, 3800.00 ns, 1.8555 ns/op
OverheadActual   3: 2048 op, 4500.00 ns, 2.1973 ns/op
OverheadActual   4: 2048 op, 4000.00 ns, 1.9531 ns/op
OverheadActual   5: 2048 op, 3900.00 ns, 1.9043 ns/op
OverheadActual   6: 2048 op, 4100.00 ns, 2.0020 ns/op
OverheadActual   7: 2048 op, 4100.00 ns, 2.0020 ns/op
OverheadActual   8: 2048 op, 4100.00 ns, 2.0020 ns/op
OverheadActual   9: 2048 op, 4200.00 ns, 2.0508 ns/op
OverheadActual  10: 2048 op, 4000.00 ns, 1.9531 ns/op
OverheadActual  11: 2048 op, 4100.00 ns, 2.0020 ns/op
OverheadActual  12: 2048 op, 4000.00 ns, 1.9531 ns/op
OverheadActual  13: 2048 op, 4000.00 ns, 1.9531 ns/op
OverheadActual  14: 2048 op, 4100.00 ns, 2.0020 ns/op
OverheadActual  15: 2048 op, 4100.00 ns, 2.0020 ns/op

WorkloadWarmup   1: 2048 op, 925526500.00 ns, 451.9172 us/op
WorkloadWarmup   2: 2048 op, 918375700.00 ns, 448.4256 us/op
WorkloadWarmup   3: 2048 op, 917149600.00 ns, 447.8270 us/op
WorkloadWarmup   4: 2048 op, 916426700.00 ns, 447.4740 us/op
WorkloadWarmup   5: 2048 op, 917428000.00 ns, 447.9629 us/op
WorkloadWarmup   6: 2048 op, 918681000.00 ns, 448.5747 us/op
WorkloadWarmup   7: 2048 op, 916714100.00 ns, 447.6143 us/op
WorkloadWarmup   8: 2048 op, 924284900.00 ns, 451.3110 us/op
WorkloadWarmup   9: 2048 op, 915852700.00 ns, 447.1937 us/op

// BeforeActualRun
WorkloadActual   1: 2048 op, 918518600.00 ns, 448.4954 us/op
WorkloadActual   2: 2048 op, 916382100.00 ns, 447.4522 us/op
WorkloadActual   3: 2048 op, 916972800.00 ns, 447.7406 us/op
WorkloadActual   4: 2048 op, 917136000.00 ns, 447.8203 us/op
WorkloadActual   5: 2048 op, 919293200.00 ns, 448.8736 us/op
WorkloadActual   6: 2048 op, 917230900.00 ns, 447.8667 us/op
WorkloadActual   7: 2048 op, 919055400.00 ns, 448.7575 us/op
WorkloadActual   8: 2048 op, 915779100.00 ns, 447.1578 us/op
WorkloadActual   9: 2048 op, 916041500.00 ns, 447.2859 us/op
WorkloadActual  10: 2048 op, 916138000.00 ns, 447.3330 us/op
WorkloadActual  11: 2048 op, 916556300.00 ns, 447.5373 us/op
WorkloadActual  12: 2048 op, 917880500.00 ns, 448.1838 us/op
WorkloadActual  13: 2048 op, 917465600.00 ns, 447.9813 us/op
WorkloadActual  14: 2048 op, 918692100.00 ns, 448.5801 us/op
WorkloadActual  15: 2048 op, 914674800.00 ns, 446.6186 us/op

// AfterActualRun
WorkloadResult   1: 2048 op, 918514500.00 ns, 448.4934 us/op
WorkloadResult   2: 2048 op, 916378000.00 ns, 447.4502 us/op
WorkloadResult   3: 2048 op, 916968700.00 ns, 447.7386 us/op
WorkloadResult   4: 2048 op, 917131900.00 ns, 447.8183 us/op
WorkloadResult   5: 2048 op, 919289100.00 ns, 448.8716 us/op
WorkloadResult   6: 2048 op, 917226800.00 ns, 447.8646 us/op
WorkloadResult   7: 2048 op, 919051300.00 ns, 448.7555 us/op
WorkloadResult   8: 2048 op, 915775000.00 ns, 447.1558 us/op
WorkloadResult   9: 2048 op, 916037400.00 ns, 447.2839 us/op
WorkloadResult  10: 2048 op, 916133900.00 ns, 447.3310 us/op
WorkloadResult  11: 2048 op, 916552200.00 ns, 447.5353 us/op
WorkloadResult  12: 2048 op, 917876400.00 ns, 448.1818 us/op
WorkloadResult  13: 2048 op, 917461500.00 ns, 447.9792 us/op
WorkloadResult  14: 2048 op, 918688000.00 ns, 448.5781 us/op
WorkloadResult  15: 2048 op, 914670700.00 ns, 446.6166 us/op
// GC:  395 131 0 2483273728 2048
// Threading:  0 0 2048

// AfterAll
// Benchmark Process 25724 has exited with code 0.

Mean = 447.844 μs, StdErr = 0.166 μs (0.04%), N = 15, StdDev = 0.644 μs
Min = 446.617 μs, Q1 = 447.391 μs, Median = 447.818 μs, Q3 = 448.338 μs, Max = 448.872 μs
IQR = 0.947 μs, LowerFence = 445.970 μs, UpperFence = 449.758 μs
ConfidenceInterval = [447.156 μs; 448.532 μs] (CI 99.9%), Margin = 0.688 μs (0.15% of Mean)
Skewness = -0, Kurtosis = 1.94, MValue = 2

// ** Remained 14 (66,7 %) benchmark(s) to run. Estimated finish 2026-05-01 15:30 (0h 4m from now) **
Setup power plan (GUID: 8c5e7fda-e8bf-4a96-9a85-a6e23a8c635c FriendlyName: Höchstleistung)
// **************************
// Benchmark: SortBenchmark.Running_CnC: DefaultJob [whichGrid=2]
// *** Execute ***
// Launch: 1 / 1
// Execute: dotnet impl_search-DefaultJob-1.dll --anonymousPipes 1160 2012 --benchmarkName "impl_search.SortBenchmark.Running_CnC(whichGrid: 2)" --job Default --benchmarkId 7 in C:\Users\herob\Uni\RealUni\Bachelor\code\impl_search_algth\impl_search\bin\Release\net8.0\impl_search-DefaultJob-1\bin\Release\net8.0
// BeforeAnythingElse

// Benchmark Process Environment Information:
// BenchmarkDotNet v0.15.8
// Runtime=.NET 8.0.8 (8.0.8, 8.0.824.36612), X64 RyuJIT x86-64-v3
// GC=Concurrent Workstation
// HardwareIntrinsics=AVX2+BMI1+BMI2+F16C+FMA+LZCNT+MOVBE,AVX,SSE3+SSSE3+SSE4.1+SSE4.2+POPCNT,X86Base+SSE+SSE2,AES+PCLMUL,AvxVnni,SERIALIZE VectorSize=256
// Job: DefaultJob

OverheadJitting  1: 1 op, 80800.00 ns, 80.8000 us/op
WorkloadJitting  1: 1 op, 1668200.00 ns, 1.6682 ms/op

OverheadJitting  2: 16 op, 133000.00 ns, 8.3125 us/op
WorkloadJitting  2: 16 op, 3396600.00 ns, 212.2875 us/op

WorkloadPilot    1: 16 op, 3344000.00 ns, 209.0000 us/op
WorkloadPilot    2: 32 op, 6334100.00 ns, 197.9406 us/op
WorkloadPilot    3: 64 op, 10944500.00 ns, 171.0078 us/op
WorkloadPilot    4: 128 op, 19272600.00 ns, 150.5672 us/op
WorkloadPilot    5: 256 op, 36752900.00 ns, 143.5660 us/op
WorkloadPilot    6: 512 op, 61288300.00 ns, 119.7037 us/op
WorkloadPilot    7: 1024 op, 64688800.00 ns, 63.1727 us/op
WorkloadPilot    8: 2048 op, 126712100.00 ns, 61.8711 us/op
WorkloadPilot    9: 4096 op, 254256600.00 ns, 62.0744 us/op
WorkloadPilot   10: 8192 op, 506682000.00 ns, 61.8508 us/op

OverheadWarmup   1: 8192 op, 16400.00 ns, 2.0020 ns/op
OverheadWarmup   2: 8192 op, 14100.00 ns, 1.7212 ns/op
OverheadWarmup   3: 8192 op, 14000.00 ns, 1.7090 ns/op
OverheadWarmup   4: 8192 op, 15000.00 ns, 1.8311 ns/op
OverheadWarmup   5: 8192 op, 14000.00 ns, 1.7090 ns/op
OverheadWarmup   6: 8192 op, 14100.00 ns, 1.7212 ns/op
OverheadWarmup   7: 8192 op, 14000.00 ns, 1.7090 ns/op

OverheadActual   1: 8192 op, 14100.00 ns, 1.7212 ns/op
OverheadActual   2: 8192 op, 16600.00 ns, 2.0264 ns/op
OverheadActual   3: 8192 op, 14100.00 ns, 1.7212 ns/op
OverheadActual   4: 8192 op, 14000.00 ns, 1.7090 ns/op
OverheadActual   5: 8192 op, 14000.00 ns, 1.7090 ns/op
OverheadActual   6: 8192 op, 14000.00 ns, 1.7090 ns/op
OverheadActual   7: 8192 op, 13900.00 ns, 1.6968 ns/op
OverheadActual   8: 8192 op, 14100.00 ns, 1.7212 ns/op
OverheadActual   9: 8192 op, 14000.00 ns, 1.7090 ns/op
OverheadActual  10: 8192 op, 14500.00 ns, 1.7700 ns/op
OverheadActual  11: 8192 op, 13900.00 ns, 1.6968 ns/op
OverheadActual  12: 8192 op, 14100.00 ns, 1.7212 ns/op
OverheadActual  13: 8192 op, 14000.00 ns, 1.7090 ns/op
OverheadActual  14: 8192 op, 14000.00 ns, 1.7090 ns/op
OverheadActual  15: 8192 op, 14000.00 ns, 1.7090 ns/op

WorkloadWarmup   1: 8192 op, 509549100.00 ns, 62.2008 us/op
WorkloadWarmup   2: 8192 op, 516983300.00 ns, 63.1083 us/op
WorkloadWarmup   3: 8192 op, 506638200.00 ns, 61.8455 us/op
WorkloadWarmup   4: 8192 op, 507289500.00 ns, 61.9250 us/op
WorkloadWarmup   5: 8192 op, 505224500.00 ns, 61.6729 us/op
WorkloadWarmup   6: 8192 op, 507585000.00 ns, 61.9611 us/op

// BeforeActualRun
WorkloadActual   1: 8192 op, 509528000.00 ns, 62.1982 us/op
WorkloadActual   2: 8192 op, 506631500.00 ns, 61.8447 us/op
WorkloadActual   3: 8192 op, 505864200.00 ns, 61.7510 us/op
WorkloadActual   4: 8192 op, 506616200.00 ns, 61.8428 us/op
WorkloadActual   5: 8192 op, 512235200.00 ns, 62.5287 us/op
WorkloadActual   6: 8192 op, 516778300.00 ns, 63.0833 us/op
WorkloadActual   7: 8192 op, 507487000.00 ns, 61.9491 us/op
WorkloadActual   8: 8192 op, 507729500.00 ns, 61.9787 us/op
WorkloadActual   9: 8192 op, 510910800.00 ns, 62.3670 us/op
WorkloadActual  10: 8192 op, 508329600.00 ns, 62.0520 us/op
WorkloadActual  11: 8192 op, 506009700.00 ns, 61.7688 us/op
WorkloadActual  12: 8192 op, 505584800.00 ns, 61.7169 us/op
WorkloadActual  13: 8192 op, 507831300.00 ns, 61.9911 us/op
WorkloadActual  14: 8192 op, 507105900.00 ns, 61.9026 us/op
WorkloadActual  15: 8192 op, 504746700.00 ns, 61.6146 us/op

// AfterActualRun
WorkloadResult   1: 8192 op, 509514000.00 ns, 62.1965 us/op
WorkloadResult   2: 8192 op, 506617500.00 ns, 61.8430 us/op
WorkloadResult   3: 8192 op, 505850200.00 ns, 61.7493 us/op
WorkloadResult   4: 8192 op, 506602200.00 ns, 61.8411 us/op
WorkloadResult   5: 8192 op, 512221200.00 ns, 62.5270 us/op
WorkloadResult   6: 8192 op, 507473000.00 ns, 61.9474 us/op
WorkloadResult   7: 8192 op, 507715500.00 ns, 61.9770 us/op
WorkloadResult   8: 8192 op, 510896800.00 ns, 62.3653 us/op
WorkloadResult   9: 8192 op, 508315600.00 ns, 62.0502 us/op
WorkloadResult  10: 8192 op, 505995700.00 ns, 61.7671 us/op
WorkloadResult  11: 8192 op, 505570800.00 ns, 61.7152 us/op
WorkloadResult  12: 8192 op, 507817300.00 ns, 61.9894 us/op
WorkloadResult  13: 8192 op, 507091900.00 ns, 61.9009 us/op
WorkloadResult  14: 8192 op, 504732700.00 ns, 61.6129 us/op
// GC:  215 11 0 1348993024 8192
// Threading:  0 0 8192

// AfterAll
// Benchmark Process 15060 has exited with code 0.

Mean = 61.963 μs, StdErr = 0.068 μs (0.11%), N = 14, StdDev = 0.255 μs
Min = 61.613 μs, Q1 = 61.786 μs, Median = 61.924 μs, Q3 = 62.035 μs, Max = 62.527 μs
IQR = 0.249 μs, LowerFence = 61.411 μs, UpperFence = 62.409 μs
ConfidenceInterval = [61.676 μs; 62.251 μs] (CI 99.9%), Margin = 0.288 μs (0.46% of Mean)
Skewness = 0.77, Kurtosis = 2.59, MValue = 2

// ** Remained 13 (61,9 %) benchmark(s) to run. Estimated finish 2026-05-01 15:30 (0h 3m from now) **
Setup power plan (GUID: 8c5e7fda-e8bf-4a96-9a85-a6e23a8c635c FriendlyName: Höchstleistung)
// **************************
// Benchmark: SortBenchmark.Running_JPS: DefaultJob [whichGrid=2]
// *** Execute ***
// Launch: 1 / 1
// Execute: dotnet impl_search-DefaultJob-1.dll --anonymousPipes 1228 1988 --benchmarkName "impl_search.SortBenchmark.Running_JPS(whichGrid: 2)" --job Default --benchmarkId 8 in C:\Users\herob\Uni\RealUni\Bachelor\code\impl_search_algth\impl_search\bin\Release\net8.0\impl_search-DefaultJob-1\bin\Release\net8.0
// BeforeAnythingElse

// Benchmark Process Environment Information:
// BenchmarkDotNet v0.15.8
// Runtime=.NET 8.0.8 (8.0.8, 8.0.824.36612), X64 RyuJIT x86-64-v3
// GC=Concurrent Workstation
// HardwareIntrinsics=AVX2+BMI1+BMI2+F16C+FMA+LZCNT+MOVBE,AVX,SSE3+SSSE3+SSE4.1+SSE4.2+POPCNT,X86Base+SSE+SSE2,AES+PCLMUL,AvxVnni,SERIALIZE VectorSize=256
// Job: DefaultJob

OverheadJitting  1: 1 op, 82300.00 ns, 82.3000 us/op
WorkloadJitting  1: 1 op, 2759300.00 ns, 2.7593 ms/op

OverheadJitting  2: 16 op, 147500.00 ns, 9.2188 us/op
WorkloadJitting  2: 16 op, 27200000.00 ns, 1.7000 ms/op

WorkloadPilot    1: 16 op, 26137000.00 ns, 1.6336 ms/op
WorkloadPilot    2: 32 op, 48858600.00 ns, 1.5268 ms/op
WorkloadPilot    3: 64 op, 95057800.00 ns, 1.4853 ms/op
WorkloadPilot    4: 128 op, 119544400.00 ns, 933.9406 us/op
WorkloadPilot    5: 256 op, 201185600.00 ns, 785.8813 us/op
WorkloadPilot    6: 512 op, 399515700.00 ns, 780.3041 us/op
WorkloadPilot    7: 1024 op, 802520700.00 ns, 783.7116 us/op

OverheadWarmup   1: 1024 op, 3500.00 ns, 3.4180 ns/op
OverheadWarmup   2: 1024 op, 2200.00 ns, 2.1484 ns/op
OverheadWarmup   3: 1024 op, 2200.00 ns, 2.1484 ns/op
OverheadWarmup   4: 1024 op, 2100.00 ns, 2.0508 ns/op
OverheadWarmup   5: 1024 op, 2300.00 ns, 2.2461 ns/op
OverheadWarmup   6: 1024 op, 2200.00 ns, 2.1484 ns/op

OverheadActual   1: 1024 op, 2100.00 ns, 2.0508 ns/op
OverheadActual   2: 1024 op, 2100.00 ns, 2.0508 ns/op
OverheadActual   3: 1024 op, 2200.00 ns, 2.1484 ns/op
OverheadActual   4: 1024 op, 2100.00 ns, 2.0508 ns/op
OverheadActual   5: 1024 op, 2200.00 ns, 2.1484 ns/op
OverheadActual   6: 1024 op, 2200.00 ns, 2.1484 ns/op
OverheadActual   7: 1024 op, 2100.00 ns, 2.0508 ns/op
OverheadActual   8: 1024 op, 2100.00 ns, 2.0508 ns/op
OverheadActual   9: 1024 op, 2000.00 ns, 1.9531 ns/op
OverheadActual  10: 1024 op, 2100.00 ns, 2.0508 ns/op
OverheadActual  11: 1024 op, 1900.00 ns, 1.8555 ns/op
OverheadActual  12: 1024 op, 2200.00 ns, 2.1484 ns/op
OverheadActual  13: 1024 op, 1900.00 ns, 1.8555 ns/op
OverheadActual  14: 1024 op, 2300.00 ns, 2.2461 ns/op
OverheadActual  15: 1024 op, 2100.00 ns, 2.0508 ns/op
OverheadActual  16: 1024 op, 2100.00 ns, 2.0508 ns/op
OverheadActual  17: 1024 op, 2100.00 ns, 2.0508 ns/op

WorkloadWarmup   1: 1024 op, 807348200.00 ns, 788.4260 us/op
WorkloadWarmup   2: 1024 op, 808908000.00 ns, 789.9492 us/op
WorkloadWarmup   3: 1024 op, 804944700.00 ns, 786.0788 us/op
WorkloadWarmup   4: 1024 op, 806560700.00 ns, 787.6569 us/op
WorkloadWarmup   5: 1024 op, 809141600.00 ns, 790.1773 us/op
WorkloadWarmup   6: 1024 op, 807833400.00 ns, 788.8998 us/op

// BeforeActualRun
WorkloadActual   1: 1024 op, 807774300.00 ns, 788.8421 us/op
WorkloadActual   2: 1024 op, 810368800.00 ns, 791.3758 us/op
WorkloadActual   3: 1024 op, 808517100.00 ns, 789.5675 us/op
WorkloadActual   4: 1024 op, 809716700.00 ns, 790.7390 us/op
WorkloadActual   5: 1024 op, 807213800.00 ns, 788.2947 us/op
WorkloadActual   6: 1024 op, 808301500.00 ns, 789.3569 us/op
WorkloadActual   7: 1024 op, 804659600.00 ns, 785.8004 us/op
WorkloadActual   8: 1024 op, 804540600.00 ns, 785.6842 us/op
WorkloadActual   9: 1024 op, 809541200.00 ns, 790.5676 us/op
WorkloadActual  10: 1024 op, 808371800.00 ns, 789.4256 us/op
WorkloadActual  11: 1024 op, 808354200.00 ns, 789.4084 us/op
WorkloadActual  12: 1024 op, 809611100.00 ns, 790.6358 us/op
WorkloadActual  13: 1024 op, 804649700.00 ns, 785.7907 us/op
WorkloadActual  14: 1024 op, 808263800.00 ns, 789.3201 us/op
WorkloadActual  15: 1024 op, 805576700.00 ns, 786.6960 us/op

// AfterActualRun
WorkloadResult   1: 1024 op, 807772200.00 ns, 788.8400 us/op
WorkloadResult   2: 1024 op, 810366700.00 ns, 791.3737 us/op
WorkloadResult   3: 1024 op, 808515000.00 ns, 789.5654 us/op
WorkloadResult   4: 1024 op, 809714600.00 ns, 790.7369 us/op
WorkloadResult   5: 1024 op, 807211700.00 ns, 788.2927 us/op
WorkloadResult   6: 1024 op, 808299400.00 ns, 789.3549 us/op
WorkloadResult   7: 1024 op, 804657500.00 ns, 785.7983 us/op
WorkloadResult   8: 1024 op, 804538500.00 ns, 785.6821 us/op
WorkloadResult   9: 1024 op, 809539100.00 ns, 790.5655 us/op
WorkloadResult  10: 1024 op, 808369700.00 ns, 789.4235 us/op
WorkloadResult  11: 1024 op, 808352100.00 ns, 789.4063 us/op
WorkloadResult  12: 1024 op, 809609000.00 ns, 790.6338 us/op
WorkloadResult  13: 1024 op, 804647600.00 ns, 785.7887 us/op
WorkloadResult  14: 1024 op, 808261700.00 ns, 789.3181 us/op
WorkloadResult  15: 1024 op, 805574600.00 ns, 786.6939 us/op
// GC:  270 1 0 1699291136 1024
// Threading:  0 0 1024

// AfterAll
// Benchmark Process 30036 has exited with code 0.

Mean = 788.765 μs, StdErr = 0.494 μs (0.06%), N = 15, StdDev = 1.913 μs
Min = 785.682 μs, Q1 = 787.493 μs, Median = 789.355 μs, Q3 = 790.065 μs, Max = 791.374 μs
IQR = 2.572 μs, LowerFence = 783.635 μs, UpperFence = 793.924 μs
ConfidenceInterval = [786.720 μs; 790.810 μs] (CI 99.9%), Margin = 2.045 μs (0.26% of Mean)
Skewness = -0.49, Kurtosis = 1.74, MValue = 2

// ** Remained 12 (57,1 %) benchmark(s) to run. Estimated finish 2026-05-01 15:30 (0h 3m from now) **
Setup power plan (GUID: 8c5e7fda-e8bf-4a96-9a85-a6e23a8c635c FriendlyName: Höchstleistung)
// **************************
// Benchmark: SortBenchmark.Running_Astar: DefaultJob [whichGrid=3]
// *** Execute ***
// Launch: 1 / 1
// Execute: dotnet impl_search-DefaultJob-1.dll --anonymousPipes 1992 1984 --benchmarkName "impl_search.SortBenchmark.Running_Astar(whichGrid: 3)" --job Default --benchmarkId 9 in C:\Users\herob\Uni\RealUni\Bachelor\code\impl_search_algth\impl_search\bin\Release\net8.0\impl_search-DefaultJob-1\bin\Release\net8.0
// BeforeAnythingElse

// Benchmark Process Environment Information:
// BenchmarkDotNet v0.15.8
// Runtime=.NET 8.0.8 (8.0.8, 8.0.824.36612), X64 RyuJIT x86-64-v3
// GC=Concurrent Workstation
// HardwareIntrinsics=AVX2+BMI1+BMI2+F16C+FMA+LZCNT+MOVBE,AVX,SSE3+SSSE3+SSE4.1+SSE4.2+POPCNT,X86Base+SSE+SSE2,AES+PCLMUL,AvxVnni,SERIALIZE VectorSize=256
// Job: DefaultJob

OverheadJitting  1: 1 op, 76600.00 ns, 76.6000 us/op
WorkloadJitting  1: 1 op, 6418100.00 ns, 6.4181 ms/op

OverheadJitting  2: 16 op, 153100.00 ns, 9.5688 us/op
WorkloadJitting  2: 16 op, 64879200.00 ns, 4.0550 ms/op

WorkloadPilot    1: 16 op, 56277100.00 ns, 3.5173 ms/op
WorkloadPilot    2: 32 op, 106643700.00 ns, 3.3326 ms/op
WorkloadPilot    3: 64 op, 208719400.00 ns, 3.2612 ms/op
WorkloadPilot    4: 128 op, 231805200.00 ns, 1.8110 ms/op
WorkloadPilot    5: 256 op, 437092800.00 ns, 1.7074 ms/op
WorkloadPilot    6: 512 op, 866131500.00 ns, 1.6917 ms/op

OverheadWarmup   1: 512 op, 2400.00 ns, 4.6875 ns/op
OverheadWarmup   2: 512 op, 1400.00 ns, 2.7344 ns/op
OverheadWarmup   3: 512 op, 1200.00 ns, 2.3438 ns/op
OverheadWarmup   4: 512 op, 1200.00 ns, 2.3438 ns/op
OverheadWarmup   5: 512 op, 1300.00 ns, 2.5391 ns/op
OverheadWarmup   6: 512 op, 1300.00 ns, 2.5391 ns/op
OverheadWarmup   7: 512 op, 1400.00 ns, 2.7344 ns/op

OverheadActual   1: 512 op, 1300.00 ns, 2.5391 ns/op
OverheadActual   2: 512 op, 1400.00 ns, 2.7344 ns/op
OverheadActual   3: 512 op, 1300.00 ns, 2.5391 ns/op
OverheadActual   4: 512 op, 1300.00 ns, 2.5391 ns/op
OverheadActual   5: 512 op, 1300.00 ns, 2.5391 ns/op
OverheadActual   6: 512 op, 1300.00 ns, 2.5391 ns/op
OverheadActual   7: 512 op, 1300.00 ns, 2.5391 ns/op
OverheadActual   8: 512 op, 1300.00 ns, 2.5391 ns/op
OverheadActual   9: 512 op, 1300.00 ns, 2.5391 ns/op
OverheadActual  10: 512 op, 1300.00 ns, 2.5391 ns/op
OverheadActual  11: 512 op, 1300.00 ns, 2.5391 ns/op
OverheadActual  12: 512 op, 1300.00 ns, 2.5391 ns/op
OverheadActual  13: 512 op, 1400.00 ns, 2.7344 ns/op
OverheadActual  14: 512 op, 1200.00 ns, 2.3438 ns/op
OverheadActual  15: 512 op, 1300.00 ns, 2.5391 ns/op

WorkloadWarmup   1: 512 op, 859655000.00 ns, 1.6790 ms/op
WorkloadWarmup   2: 512 op, 868259700.00 ns, 1.6958 ms/op
WorkloadWarmup   3: 512 op, 859070600.00 ns, 1.6779 ms/op
WorkloadWarmup   4: 512 op, 863492800.00 ns, 1.6865 ms/op
WorkloadWarmup   5: 512 op, 859365500.00 ns, 1.6784 ms/op
WorkloadWarmup   6: 512 op, 864880100.00 ns, 1.6892 ms/op

// BeforeActualRun
WorkloadActual   1: 512 op, 862139200.00 ns, 1.6839 ms/op
WorkloadActual   2: 512 op, 872193500.00 ns, 1.7035 ms/op
WorkloadActual   3: 512 op, 855912200.00 ns, 1.6717 ms/op
WorkloadActual   4: 512 op, 864525900.00 ns, 1.6885 ms/op
WorkloadActual   5: 512 op, 861881200.00 ns, 1.6834 ms/op
WorkloadActual   6: 512 op, 866321600.00 ns, 1.6920 ms/op
WorkloadActual   7: 512 op, 849618400.00 ns, 1.6594 ms/op
WorkloadActual   8: 512 op, 860049300.00 ns, 1.6798 ms/op
WorkloadActual   9: 512 op, 863332200.00 ns, 1.6862 ms/op
WorkloadActual  10: 512 op, 859538300.00 ns, 1.6788 ms/op
WorkloadActual  11: 512 op, 869563300.00 ns, 1.6984 ms/op
WorkloadActual  12: 512 op, 858118800.00 ns, 1.6760 ms/op
WorkloadActual  13: 512 op, 860010900.00 ns, 1.6797 ms/op
WorkloadActual  14: 512 op, 860994900.00 ns, 1.6816 ms/op
WorkloadActual  15: 512 op, 861216400.00 ns, 1.6821 ms/op

// AfterActualRun
WorkloadResult   1: 512 op, 862137900.00 ns, 1.6839 ms/op
WorkloadResult   2: 512 op, 855910900.00 ns, 1.6717 ms/op
WorkloadResult   3: 512 op, 864524600.00 ns, 1.6885 ms/op
WorkloadResult   4: 512 op, 861879900.00 ns, 1.6834 ms/op
WorkloadResult   5: 512 op, 866320300.00 ns, 1.6920 ms/op
WorkloadResult   6: 512 op, 849617100.00 ns, 1.6594 ms/op
WorkloadResult   7: 512 op, 860048000.00 ns, 1.6798 ms/op
WorkloadResult   8: 512 op, 863330900.00 ns, 1.6862 ms/op
WorkloadResult   9: 512 op, 859537000.00 ns, 1.6788 ms/op
WorkloadResult  10: 512 op, 869562000.00 ns, 1.6984 ms/op
WorkloadResult  11: 512 op, 858117500.00 ns, 1.6760 ms/op
WorkloadResult  12: 512 op, 860009600.00 ns, 1.6797 ms/op
WorkloadResult  13: 512 op, 860993600.00 ns, 1.6816 ms/op
WorkloadResult  14: 512 op, 861215100.00 ns, 1.6821 ms/op
// GC:  379 3 0 2383372288 512
// Threading:  0 0 512

// AfterAll
// Benchmark Process 30608 has exited with code 0.

Mean = 1.682 ms, StdErr = 0.002 ms (0.15%), N = 14, StdDev = 0.009 ms
Min = 1.659 ms, Q1 = 1.679 ms, Median = 1.682 ms, Q3 = 1.686 ms, Max = 1.698 ms
IQR = 0.007 ms, LowerFence = 1.669 ms, UpperFence = 1.696 ms
ConfidenceInterval = [1.671 ms; 1.692 ms] (CI 99.9%), Margin = 0.010 ms (0.62% of Mean)
Skewness = -0.51, Kurtosis = 3.42, MValue = 2

// ** Remained 11 (52,4 %) benchmark(s) to run. Estimated finish 2026-05-01 15:30 (0h 3m from now) **
Setup power plan (GUID: 8c5e7fda-e8bf-4a96-9a85-a6e23a8c635c FriendlyName: Höchstleistung)
// **************************
// Benchmark: SortBenchmark.Running_CnC: DefaultJob [whichGrid=3]
// *** Execute ***
// Launch: 1 / 1
// Execute: dotnet impl_search-DefaultJob-1.dll --anonymousPipes 1940 1944 --benchmarkName "impl_search.SortBenchmark.Running_CnC(whichGrid: 3)" --job Default --benchmarkId 10 in C:\Users\herob\Uni\RealUni\Bachelor\code\impl_search_algth\impl_search\bin\Release\net8.0\impl_search-DefaultJob-1\bin\Release\net8.0
// BeforeAnythingElse

// Benchmark Process Environment Information:
// BenchmarkDotNet v0.15.8
// Runtime=.NET 8.0.8 (8.0.8, 8.0.824.36612), X64 RyuJIT x86-64-v3
// GC=Concurrent Workstation
// HardwareIntrinsics=AVX2+BMI1+BMI2+F16C+FMA+LZCNT+MOVBE,AVX,SSE3+SSSE3+SSE4.1+SSE4.2+POPCNT,X86Base+SSE+SSE2,AES+PCLMUL,AvxVnni,SERIALIZE VectorSize=256
// Job: DefaultJob

OverheadJitting  1: 1 op, 82000.00 ns, 82.0000 us/op
WorkloadJitting  1: 1 op, 1898900.00 ns, 1.8989 ms/op

OverheadJitting  2: 16 op, 137700.00 ns, 8.6063 us/op
WorkloadJitting  2: 16 op, 7204900.00 ns, 450.3063 us/op

WorkloadPilot    1: 16 op, 7074300.00 ns, 442.1438 us/op
WorkloadPilot    2: 32 op, 10990000.00 ns, 343.4375 us/op
WorkloadPilot    3: 64 op, 20182300.00 ns, 315.3484 us/op
WorkloadPilot    4: 128 op, 39358200.00 ns, 307.4859 us/op
WorkloadPilot    5: 256 op, 61639000.00 ns, 240.7773 us/op
WorkloadPilot    6: 512 op, 66195300.00 ns, 129.2877 us/op
WorkloadPilot    7: 1024 op, 125862900.00 ns, 122.9130 us/op
WorkloadPilot    8: 2048 op, 251035600.00 ns, 122.5760 us/op
WorkloadPilot    9: 4096 op, 499393800.00 ns, 121.9223 us/op
WorkloadPilot   10: 8192 op, 999773500.00 ns, 122.0427 us/op

OverheadWarmup   1: 8192 op, 15500.00 ns, 1.8921 ns/op
OverheadWarmup   2: 8192 op, 14200.00 ns, 1.7334 ns/op
OverheadWarmup   3: 8192 op, 14200.00 ns, 1.7334 ns/op
OverheadWarmup   4: 8192 op, 14100.00 ns, 1.7212 ns/op
OverheadWarmup   5: 8192 op, 14100.00 ns, 1.7212 ns/op
OverheadWarmup   6: 8192 op, 14000.00 ns, 1.7090 ns/op

OverheadActual   1: 8192 op, 14100.00 ns, 1.7212 ns/op
OverheadActual   2: 8192 op, 14000.00 ns, 1.7090 ns/op
OverheadActual   3: 8192 op, 15000.00 ns, 1.8311 ns/op
OverheadActual   4: 8192 op, 14100.00 ns, 1.7212 ns/op
OverheadActual   5: 8192 op, 15200.00 ns, 1.8555 ns/op
OverheadActual   6: 8192 op, 15100.00 ns, 1.8433 ns/op
OverheadActual   7: 8192 op, 15100.00 ns, 1.8433 ns/op
OverheadActual   8: 8192 op, 15200.00 ns, 1.8555 ns/op
OverheadActual   9: 8192 op, 15100.00 ns, 1.8433 ns/op
OverheadActual  10: 8192 op, 14100.00 ns, 1.7212 ns/op
OverheadActual  11: 8192 op, 15000.00 ns, 1.8311 ns/op
OverheadActual  12: 8192 op, 14100.00 ns, 1.7212 ns/op
OverheadActual  13: 8192 op, 14100.00 ns, 1.7212 ns/op
OverheadActual  14: 8192 op, 14200.00 ns, 1.7334 ns/op
OverheadActual  15: 8192 op, 14100.00 ns, 1.7212 ns/op

WorkloadWarmup   1: 8192 op, 1000452300.00 ns, 122.1255 us/op
WorkloadWarmup   2: 8192 op, 1007641000.00 ns, 123.0031 us/op
WorkloadWarmup   3: 8192 op, 1016397700.00 ns, 124.0720 us/op
WorkloadWarmup   4: 8192 op, 997084000.00 ns, 121.7144 us/op
WorkloadWarmup   5: 8192 op, 997936900.00 ns, 121.8185 us/op
WorkloadWarmup   6: 8192 op, 997643000.00 ns, 121.7826 us/op

// BeforeActualRun
WorkloadActual   1: 8192 op, 999483100.00 ns, 122.0072 us/op
WorkloadActual   2: 8192 op, 996981300.00 ns, 121.7018 us/op
WorkloadActual   3: 8192 op, 998220900.00 ns, 121.8531 us/op
WorkloadActual   4: 8192 op, 1001376700.00 ns, 122.2384 us/op
WorkloadActual   5: 8192 op, 1007196300.00 ns, 122.9488 us/op
WorkloadActual   6: 8192 op, 1008313400.00 ns, 123.0851 us/op
WorkloadActual   7: 8192 op, 997367900.00 ns, 121.7490 us/op
WorkloadActual   8: 8192 op, 997937400.00 ns, 121.8185 us/op
WorkloadActual   9: 8192 op, 995998600.00 ns, 121.5819 us/op
WorkloadActual  10: 8192 op, 997738600.00 ns, 121.7943 us/op
WorkloadActual  11: 8192 op, 998242400.00 ns, 121.8558 us/op
WorkloadActual  12: 8192 op, 1040550400.00 ns, 127.0203 us/op
WorkloadActual  13: 8192 op, 1047475800.00 ns, 127.8657 us/op
WorkloadActual  14: 8192 op, 1012158700.00 ns, 123.5545 us/op
WorkloadActual  15: 8192 op, 1001102400.00 ns, 122.2049 us/op

// AfterActualRun
WorkloadResult   1: 8192 op, 999468900.00 ns, 122.0055 us/op
WorkloadResult   2: 8192 op, 996967100.00 ns, 121.7001 us/op
WorkloadResult   3: 8192 op, 998206700.00 ns, 121.8514 us/op
WorkloadResult   4: 8192 op, 1001362500.00 ns, 122.2366 us/op
WorkloadResult   5: 8192 op, 1007182100.00 ns, 122.9470 us/op
WorkloadResult   6: 8192 op, 1008299200.00 ns, 123.0834 us/op
WorkloadResult   7: 8192 op, 997353700.00 ns, 121.7473 us/op
WorkloadResult   8: 8192 op, 997923200.00 ns, 121.8168 us/op
WorkloadResult   9: 8192 op, 995984400.00 ns, 121.5801 us/op
WorkloadResult  10: 8192 op, 997724400.00 ns, 121.7925 us/op
WorkloadResult  11: 8192 op, 998228200.00 ns, 121.8540 us/op
WorkloadResult  12: 8192 op, 1012144500.00 ns, 123.5528 us/op
WorkloadResult  13: 8192 op, 1001088200.00 ns, 122.2031 us/op
// GC:  460 34 0 2891382784 8192
// Threading:  0 0 8192

// AfterAll
// Benchmark Process 23148 has exited with code 0.

Mean = 122.182 μs, StdErr = 0.172 μs (0.14%), N = 13, StdDev = 0.619 μs
Min = 121.580 μs, Q1 = 121.793 μs, Median = 121.854 μs, Q3 = 122.237 μs, Max = 123.553 μs
IQR = 0.444 μs, LowerFence = 121.126 μs, UpperFence = 122.903 μs
ConfidenceInterval = [121.441 μs; 122.924 μs] (CI 99.9%), Margin = 0.741 μs (0.61% of Mean)
Skewness = 1.02, Kurtosis = 2.52, MValue = 2

// ** Remained 10 (47,6 %) benchmark(s) to run. Estimated finish 2026-05-01 15:30 (0h 3m from now) **
Setup power plan (GUID: 8c5e7fda-e8bf-4a96-9a85-a6e23a8c635c FriendlyName: Höchstleistung)
// **************************
// Benchmark: SortBenchmark.Running_JPS: DefaultJob [whichGrid=3]
// *** Execute ***
// Launch: 1 / 1
// Execute: dotnet impl_search-DefaultJob-1.dll --anonymousPipes 1924 1228 --benchmarkName "impl_search.SortBenchmark.Running_JPS(whichGrid: 3)" --job Default --benchmarkId 11 in C:\Users\herob\Uni\RealUni\Bachelor\code\impl_search_algth\impl_search\bin\Release\net8.0\impl_search-DefaultJob-1\bin\Release\net8.0
// BeforeAnythingElse

// Benchmark Process Environment Information:
// BenchmarkDotNet v0.15.8
// Runtime=.NET 8.0.8 (8.0.8, 8.0.824.36612), X64 RyuJIT x86-64-v3
// GC=Concurrent Workstation
// HardwareIntrinsics=AVX2+BMI1+BMI2+F16C+FMA+LZCNT+MOVBE,AVX,SSE3+SSSE3+SSE4.1+SSE4.2+POPCNT,X86Base+SSE+SSE2,AES+PCLMUL,AvxVnni,SERIALIZE VectorSize=256
// Job: DefaultJob

OverheadJitting  1: 1 op, 205300.00 ns, 205.3000 us/op
WorkloadJitting  1: 1 op, 3677500.00 ns, 3.6775 ms/op

OverheadJitting  2: 16 op, 124800.00 ns, 7.8000 us/op
WorkloadJitting  2: 16 op, 39214500.00 ns, 2.4509 ms/op

WorkloadPilot    1: 16 op, 37415500.00 ns, 2.3385 ms/op
WorkloadPilot    2: 32 op, 70612700.00 ns, 2.2066 ms/op
WorkloadPilot    3: 64 op, 115001800.00 ns, 1.7969 ms/op
WorkloadPilot    4: 128 op, 143612300.00 ns, 1.1220 ms/op
WorkloadPilot    5: 256 op, 282995200.00 ns, 1.1055 ms/op
WorkloadPilot    6: 512 op, 567670500.00 ns, 1.1087 ms/op

OverheadWarmup   1: 512 op, 2400.00 ns, 4.6875 ns/op
OverheadWarmup   2: 512 op, 1300.00 ns, 2.5391 ns/op
OverheadWarmup   3: 512 op, 1300.00 ns, 2.5391 ns/op
OverheadWarmup   4: 512 op, 1200.00 ns, 2.3438 ns/op
OverheadWarmup   5: 512 op, 1200.00 ns, 2.3438 ns/op
OverheadWarmup   6: 512 op, 1300.00 ns, 2.5391 ns/op

OverheadActual   1: 512 op, 1200.00 ns, 2.3438 ns/op
OverheadActual   2: 512 op, 1200.00 ns, 2.3438 ns/op
OverheadActual   3: 512 op, 1300.00 ns, 2.5391 ns/op
OverheadActual   4: 512 op, 1300.00 ns, 2.5391 ns/op
OverheadActual   5: 512 op, 1200.00 ns, 2.3438 ns/op
OverheadActual   6: 512 op, 1300.00 ns, 2.5391 ns/op
OverheadActual   7: 512 op, 1300.00 ns, 2.5391 ns/op
OverheadActual   8: 512 op, 1200.00 ns, 2.3438 ns/op
OverheadActual   9: 512 op, 1400.00 ns, 2.7344 ns/op
OverheadActual  10: 512 op, 1300.00 ns, 2.5391 ns/op
OverheadActual  11: 512 op, 1300.00 ns, 2.5391 ns/op
OverheadActual  12: 512 op, 1200.00 ns, 2.3438 ns/op
OverheadActual  13: 512 op, 1200.00 ns, 2.3438 ns/op
OverheadActual  14: 512 op, 1200.00 ns, 2.3438 ns/op
OverheadActual  15: 512 op, 1200.00 ns, 2.3438 ns/op
OverheadActual  16: 512 op, 1200.00 ns, 2.3438 ns/op
OverheadActual  17: 512 op, 1200.00 ns, 2.3438 ns/op

WorkloadWarmup   1: 512 op, 574012900.00 ns, 1.1211 ms/op
WorkloadWarmup   2: 512 op, 583322800.00 ns, 1.1393 ms/op
WorkloadWarmup   3: 512 op, 568057600.00 ns, 1.1095 ms/op
WorkloadWarmup   4: 512 op, 567861000.00 ns, 1.1091 ms/op
WorkloadWarmup   5: 512 op, 566753300.00 ns, 1.1069 ms/op
WorkloadWarmup   6: 512 op, 566322000.00 ns, 1.1061 ms/op
WorkloadWarmup   7: 512 op, 568448300.00 ns, 1.1103 ms/op
WorkloadWarmup   8: 512 op, 567274000.00 ns, 1.1080 ms/op

// BeforeActualRun
WorkloadActual   1: 512 op, 568298600.00 ns, 1.1100 ms/op
WorkloadActual   2: 512 op, 566400100.00 ns, 1.1063 ms/op
WorkloadActual   3: 512 op, 567426900.00 ns, 1.1083 ms/op
WorkloadActual   4: 512 op, 565934500.00 ns, 1.1053 ms/op
WorkloadActual   5: 512 op, 565393600.00 ns, 1.1043 ms/op
WorkloadActual   6: 512 op, 564635300.00 ns, 1.1028 ms/op
WorkloadActual   7: 512 op, 566216800.00 ns, 1.1059 ms/op
WorkloadActual   8: 512 op, 565989600.00 ns, 1.1054 ms/op
WorkloadActual   9: 512 op, 567639100.00 ns, 1.1087 ms/op
WorkloadActual  10: 512 op, 566392400.00 ns, 1.1062 ms/op
WorkloadActual  11: 512 op, 565354700.00 ns, 1.1042 ms/op
WorkloadActual  12: 512 op, 565295100.00 ns, 1.1041 ms/op
WorkloadActual  13: 512 op, 566358200.00 ns, 1.1062 ms/op
WorkloadActual  14: 512 op, 568608100.00 ns, 1.1106 ms/op
WorkloadActual  15: 512 op, 566957300.00 ns, 1.1073 ms/op

// AfterActualRun
WorkloadResult   1: 512 op, 568297400.00 ns, 1.1100 ms/op
WorkloadResult   2: 512 op, 566398900.00 ns, 1.1062 ms/op
WorkloadResult   3: 512 op, 567425700.00 ns, 1.1083 ms/op
WorkloadResult   4: 512 op, 565933300.00 ns, 1.1053 ms/op
WorkloadResult   5: 512 op, 565392400.00 ns, 1.1043 ms/op
WorkloadResult   6: 512 op, 564634100.00 ns, 1.1028 ms/op
WorkloadResult   7: 512 op, 566215600.00 ns, 1.1059 ms/op
WorkloadResult   8: 512 op, 565988400.00 ns, 1.1054 ms/op
WorkloadResult   9: 512 op, 567637900.00 ns, 1.1087 ms/op
WorkloadResult  10: 512 op, 566391200.00 ns, 1.1062 ms/op
WorkloadResult  11: 512 op, 565353500.00 ns, 1.1042 ms/op
WorkloadResult  12: 512 op, 565293900.00 ns, 1.1041 ms/op
WorkloadResult  13: 512 op, 566357000.00 ns, 1.1062 ms/op
WorkloadResult  14: 512 op, 568606900.00 ns, 1.1106 ms/op
WorkloadResult  15: 512 op, 566956100.00 ns, 1.1073 ms/op
// GC:  236 5 0 1484861440 512
// Threading:  0 0 512

// AfterAll
// Benchmark Process 19148 has exited with code 0.

Mean = 1.106 ms, StdErr = 0.001 ms (0.05%), N = 15, StdDev = 0.002 ms
Min = 1.103 ms, Q1 = 1.105 ms, Median = 1.106 ms, Q3 = 1.108 ms, Max = 1.111 ms
IQR = 0.003 ms, LowerFence = 1.100 ms, UpperFence = 1.112 ms
ConfidenceInterval = [1.104 ms; 1.109 ms] (CI 99.9%), Margin = 0.002 ms (0.22% of Mean)
Skewness = 0.37, Kurtosis = 2.03, MValue = 2

// ** Remained 9 (42,9 %) benchmark(s) to run. Estimated finish 2026-05-01 15:30 (0h 2m from now) **
Setup power plan (GUID: 8c5e7fda-e8bf-4a96-9a85-a6e23a8c635c FriendlyName: Höchstleistung)
// **************************
// Benchmark: SortBenchmark.Running_Astar: DefaultJob [whichGrid=4]
// *** Execute ***
// Launch: 1 / 1
// Execute: dotnet impl_search-DefaultJob-1.dll --anonymousPipes 1924 1876 --benchmarkName "impl_search.SortBenchmark.Running_Astar(whichGrid: 4)" --job Default --benchmarkId 12 in C:\Users\herob\Uni\RealUni\Bachelor\code\impl_search_algth\impl_search\bin\Release\net8.0\impl_search-DefaultJob-1\bin\Release\net8.0
// BeforeAnythingElse

// Benchmark Process Environment Information:
// BenchmarkDotNet v0.15.8
// Runtime=.NET 8.0.8 (8.0.8, 8.0.824.36612), X64 RyuJIT x86-64-v3
// GC=Concurrent Workstation
// HardwareIntrinsics=AVX2+BMI1+BMI2+F16C+FMA+LZCNT+MOVBE,AVX,SSE3+SSSE3+SSE4.1+SSE4.2+POPCNT,X86Base+SSE+SSE2,AES+PCLMUL,AvxVnni,SERIALIZE VectorSize=256
// Job: DefaultJob

OverheadJitting  1: 1 op, 77200.00 ns, 77.2000 us/op
WorkloadJitting  1: 1 op, 4486800.00 ns, 4.4868 ms/op

OverheadJitting  2: 16 op, 130700.00 ns, 8.1688 us/op
WorkloadJitting  2: 16 op, 48280500.00 ns, 3.0175 ms/op

WorkloadPilot    1: 16 op, 41222300.00 ns, 2.5764 ms/op
WorkloadPilot    2: 32 op, 75611200.00 ns, 2.3629 ms/op
WorkloadPilot    3: 64 op, 114455000.00 ns, 1.7884 ms/op
WorkloadPilot    4: 128 op, 143470400.00 ns, 1.1209 ms/op
WorkloadPilot    5: 256 op, 293834900.00 ns, 1.1478 ms/op
WorkloadPilot    6: 512 op, 618885200.00 ns, 1.2088 ms/op

OverheadWarmup   1: 512 op, 3000.00 ns, 5.8594 ns/op
OverheadWarmup   2: 512 op, 1400.00 ns, 2.7344 ns/op
OverheadWarmup   3: 512 op, 1200.00 ns, 2.3438 ns/op
OverheadWarmup   4: 512 op, 1300.00 ns, 2.5391 ns/op
OverheadWarmup   5: 512 op, 1200.00 ns, 2.3438 ns/op
OverheadWarmup   6: 512 op, 1300.00 ns, 2.5391 ns/op
OverheadWarmup   7: 512 op, 1300.00 ns, 2.5391 ns/op

OverheadActual   1: 512 op, 1300.00 ns, 2.5391 ns/op
OverheadActual   2: 512 op, 1200.00 ns, 2.3438 ns/op
OverheadActual   3: 512 op, 1700.00 ns, 3.3203 ns/op
OverheadActual   4: 512 op, 1400.00 ns, 2.7344 ns/op
OverheadActual   5: 512 op, 1600.00 ns, 3.1250 ns/op
OverheadActual   6: 512 op, 1300.00 ns, 2.5391 ns/op
OverheadActual   7: 512 op, 1300.00 ns, 2.5391 ns/op
OverheadActual   8: 512 op, 1300.00 ns, 2.5391 ns/op
OverheadActual   9: 512 op, 1300.00 ns, 2.5391 ns/op
OverheadActual  10: 512 op, 1200.00 ns, 2.3438 ns/op
OverheadActual  11: 512 op, 1300.00 ns, 2.5391 ns/op
OverheadActual  12: 512 op, 1200.00 ns, 2.3438 ns/op
OverheadActual  13: 512 op, 1300.00 ns, 2.5391 ns/op
OverheadActual  14: 512 op, 1200.00 ns, 2.3438 ns/op
OverheadActual  15: 512 op, 1200.00 ns, 2.3438 ns/op
OverheadActual  16: 512 op, 1200.00 ns, 2.3438 ns/op
OverheadActual  17: 512 op, 1200.00 ns, 2.3438 ns/op
OverheadActual  18: 512 op, 1300.00 ns, 2.5391 ns/op

WorkloadWarmup   1: 512 op, 589364000.00 ns, 1.1511 ms/op
WorkloadWarmup   2: 512 op, 578386900.00 ns, 1.1297 ms/op
WorkloadWarmup   3: 512 op, 583036400.00 ns, 1.1387 ms/op
WorkloadWarmup   4: 512 op, 582143200.00 ns, 1.1370 ms/op
WorkloadWarmup   5: 512 op, 585370000.00 ns, 1.1433 ms/op
WorkloadWarmup   6: 512 op, 583617300.00 ns, 1.1399 ms/op

// BeforeActualRun
WorkloadActual   1: 512 op, 580186300.00 ns, 1.1332 ms/op
WorkloadActual   2: 512 op, 578788900.00 ns, 1.1304 ms/op
WorkloadActual   3: 512 op, 574019500.00 ns, 1.1211 ms/op
WorkloadActual   4: 512 op, 580065900.00 ns, 1.1329 ms/op
WorkloadActual   5: 512 op, 581118600.00 ns, 1.1350 ms/op
WorkloadActual   6: 512 op, 577288100.00 ns, 1.1275 ms/op
WorkloadActual   7: 512 op, 580877200.00 ns, 1.1345 ms/op
WorkloadActual   8: 512 op, 578214200.00 ns, 1.1293 ms/op
WorkloadActual   9: 512 op, 581769600.00 ns, 1.1363 ms/op
WorkloadActual  10: 512 op, 583245900.00 ns, 1.1392 ms/op
WorkloadActual  11: 512 op, 580293700.00 ns, 1.1334 ms/op
WorkloadActual  12: 512 op, 598729700.00 ns, 1.1694 ms/op
WorkloadActual  13: 512 op, 632840300.00 ns, 1.2360 ms/op
WorkloadActual  14: 512 op, 605279200.00 ns, 1.1822 ms/op
WorkloadActual  15: 512 op, 607050800.00 ns, 1.1856 ms/op
WorkloadActual  16: 512 op, 607729600.00 ns, 1.1870 ms/op
WorkloadActual  17: 512 op, 608416900.00 ns, 1.1883 ms/op
WorkloadActual  18: 512 op, 602154100.00 ns, 1.1761 ms/op
WorkloadActual  19: 512 op, 613200000.00 ns, 1.1977 ms/op
WorkloadActual  20: 512 op, 571756700.00 ns, 1.1167 ms/op
WorkloadActual  21: 512 op, 579260200.00 ns, 1.1314 ms/op
WorkloadActual  22: 512 op, 577315900.00 ns, 1.1276 ms/op
WorkloadActual  23: 512 op, 586977400.00 ns, 1.1464 ms/op
WorkloadActual  24: 512 op, 591191900.00 ns, 1.1547 ms/op
WorkloadActual  25: 512 op, 611608800.00 ns, 1.1945 ms/op
WorkloadActual  26: 512 op, 601649000.00 ns, 1.1751 ms/op

// AfterActualRun
WorkloadResult   1: 512 op, 580185000.00 ns, 1.1332 ms/op
WorkloadResult   2: 512 op, 578787600.00 ns, 1.1304 ms/op
WorkloadResult   3: 512 op, 574018200.00 ns, 1.1211 ms/op
WorkloadResult   4: 512 op, 580064600.00 ns, 1.1329 ms/op
WorkloadResult   5: 512 op, 581117300.00 ns, 1.1350 ms/op
WorkloadResult   6: 512 op, 577286800.00 ns, 1.1275 ms/op
WorkloadResult   7: 512 op, 580875900.00 ns, 1.1345 ms/op
WorkloadResult   8: 512 op, 578212900.00 ns, 1.1293 ms/op
WorkloadResult   9: 512 op, 581768300.00 ns, 1.1363 ms/op
WorkloadResult  10: 512 op, 583244600.00 ns, 1.1391 ms/op
WorkloadResult  11: 512 op, 580292400.00 ns, 1.1334 ms/op
WorkloadResult  12: 512 op, 598728400.00 ns, 1.1694 ms/op
WorkloadResult  13: 512 op, 632839000.00 ns, 1.2360 ms/op
WorkloadResult  14: 512 op, 605277900.00 ns, 1.1822 ms/op
WorkloadResult  15: 512 op, 607049500.00 ns, 1.1856 ms/op
WorkloadResult  16: 512 op, 607728300.00 ns, 1.1870 ms/op
WorkloadResult  17: 512 op, 608415600.00 ns, 1.1883 ms/op
WorkloadResult  18: 512 op, 602152800.00 ns, 1.1761 ms/op
WorkloadResult  19: 512 op, 613198700.00 ns, 1.1977 ms/op
WorkloadResult  20: 512 op, 571755400.00 ns, 1.1167 ms/op
WorkloadResult  21: 512 op, 579258900.00 ns, 1.1314 ms/op
WorkloadResult  22: 512 op, 577314600.00 ns, 1.1276 ms/op
WorkloadResult  23: 512 op, 586976100.00 ns, 1.1464 ms/op
WorkloadResult  24: 512 op, 591190600.00 ns, 1.1547 ms/op
WorkloadResult  25: 512 op, 611607500.00 ns, 1.1945 ms/op
WorkloadResult  26: 512 op, 601647700.00 ns, 1.1751 ms/op
// GC:  253 84 0 1590333440 512
// Threading:  0 0 512

// AfterAll
// Benchmark Process 25912 has exited with code 0.

Mean = 1.155 ms, StdErr = 0.006 ms (0.52%), N = 26, StdDev = 0.031 ms
Min = 1.117 ms, Q1 = 1.132 ms, Median = 1.138 ms, Q3 = 1.181 ms, Max = 1.236 ms
IQR = 0.049 ms, LowerFence = 1.058 ms, UpperFence = 1.254 ms
ConfidenceInterval = [1.132 ms; 1.177 ms] (CI 99.9%), Margin = 0.022 ms (1.95% of Mean)
Skewness = 0.78, Kurtosis = 2.6, MValue = 2.71

// ** Remained 8 (38,1 %) benchmark(s) to run. Estimated finish 2026-05-01 15:30 (0h 2m from now) **
Setup power plan (GUID: 8c5e7fda-e8bf-4a96-9a85-a6e23a8c635c FriendlyName: Höchstleistung)
// **************************
// Benchmark: SortBenchmark.Running_CnC: DefaultJob [whichGrid=4]
// *** Execute ***
// Launch: 1 / 1
// Execute: dotnet impl_search-DefaultJob-1.dll --anonymousPipes 1180 1888 --benchmarkName "impl_search.SortBenchmark.Running_CnC(whichGrid: 4)" --job Default --benchmarkId 13 in C:\Users\herob\Uni\RealUni\Bachelor\code\impl_search_algth\impl_search\bin\Release\net8.0\impl_search-DefaultJob-1\bin\Release\net8.0
// BeforeAnythingElse

// Benchmark Process Environment Information:
// BenchmarkDotNet v0.15.8
// Runtime=.NET 8.0.8 (8.0.8, 8.0.824.36612), X64 RyuJIT x86-64-v3
// GC=Concurrent Workstation
// HardwareIntrinsics=AVX2+BMI1+BMI2+F16C+FMA+LZCNT+MOVBE,AVX,SSE3+SSSE3+SSE4.1+SSE4.2+POPCNT,X86Base+SSE+SSE2,AES+PCLMUL,AvxVnni,SERIALIZE VectorSize=256
// Job: DefaultJob

OverheadJitting  1: 1 op, 101500.00 ns, 101.5000 us/op
WorkloadJitting  1: 1 op, 1994200.00 ns, 1.9942 ms/op

OverheadJitting  2: 16 op, 130600.00 ns, 8.1625 us/op
WorkloadJitting  2: 16 op, 8267700.00 ns, 516.7313 us/op

WorkloadPilot    1: 16 op, 8014100.00 ns, 500.8813 us/op
WorkloadPilot    2: 32 op, 12827900.00 ns, 400.8719 us/op
WorkloadPilot    3: 64 op, 23009200.00 ns, 359.5188 us/op
WorkloadPilot    4: 128 op, 43114000.00 ns, 336.8281 us/op
WorkloadPilot    5: 256 op, 84251300.00 ns, 329.1066 us/op
WorkloadPilot    6: 512 op, 108230600.00 ns, 211.3879 us/op
WorkloadPilot    7: 1024 op, 143853900.00 ns, 140.4823 us/op
WorkloadPilot    8: 2048 op, 288035600.00 ns, 140.6424 us/op
WorkloadPilot    9: 4096 op, 575814100.00 ns, 140.5796 us/op

OverheadWarmup   1: 4096 op, 9000.00 ns, 2.1973 ns/op
OverheadWarmup   2: 4096 op, 7800.00 ns, 1.9043 ns/op
OverheadWarmup   3: 4096 op, 7200.00 ns, 1.7578 ns/op
OverheadWarmup   4: 4096 op, 7800.00 ns, 1.9043 ns/op
OverheadWarmup   5: 4096 op, 7200.00 ns, 1.7578 ns/op
OverheadWarmup   6: 4096 op, 7800.00 ns, 1.9043 ns/op
OverheadWarmup   7: 4096 op, 8600.00 ns, 2.0996 ns/op
OverheadWarmup   8: 4096 op, 7700.00 ns, 1.8799 ns/op

OverheadActual   1: 4096 op, 7200.00 ns, 1.7578 ns/op
OverheadActual   2: 4096 op, 7300.00 ns, 1.7822 ns/op
OverheadActual   3: 4096 op, 7300.00 ns, 1.7822 ns/op
OverheadActual   4: 4096 op, 7800.00 ns, 1.9043 ns/op
OverheadActual   5: 4096 op, 7200.00 ns, 1.7578 ns/op
OverheadActual   6: 4096 op, 7800.00 ns, 1.9043 ns/op
OverheadActual   7: 4096 op, 7800.00 ns, 1.9043 ns/op
OverheadActual   8: 4096 op, 7900.00 ns, 1.9287 ns/op
OverheadActual   9: 4096 op, 8400.00 ns, 2.0508 ns/op
OverheadActual  10: 4096 op, 7300.00 ns, 1.7822 ns/op
OverheadActual  11: 4096 op, 7800.00 ns, 1.9043 ns/op
OverheadActual  12: 4096 op, 7900.00 ns, 1.9287 ns/op
OverheadActual  13: 4096 op, 7800.00 ns, 1.9043 ns/op
OverheadActual  14: 4096 op, 7700.00 ns, 1.8799 ns/op
OverheadActual  15: 4096 op, 7700.00 ns, 1.8799 ns/op

WorkloadWarmup   1: 4096 op, 577788500.00 ns, 141.0616 us/op
WorkloadWarmup   2: 4096 op, 601764500.00 ns, 146.9152 us/op
WorkloadWarmup   3: 4096 op, 610986900.00 ns, 149.1667 us/op
WorkloadWarmup   4: 4096 op, 604827000.00 ns, 147.6628 us/op
WorkloadWarmup   5: 4096 op, 622439200.00 ns, 151.9627 us/op
WorkloadWarmup   6: 4096 op, 609454700.00 ns, 148.7927 us/op

// BeforeActualRun
WorkloadActual   1: 4096 op, 604468000.00 ns, 147.5752 us/op
WorkloadActual   2: 4096 op, 604649900.00 ns, 147.6196 us/op
WorkloadActual   3: 4096 op, 606173700.00 ns, 147.9916 us/op
WorkloadActual   4: 4096 op, 601952700.00 ns, 146.9611 us/op
WorkloadActual   5: 4096 op, 613503000.00 ns, 149.7810 us/op
WorkloadActual   6: 4096 op, 613665600.00 ns, 149.8207 us/op
WorkloadActual   7: 4096 op, 614538400.00 ns, 150.0338 us/op
WorkloadActual   8: 4096 op, 617205300.00 ns, 150.6849 us/op
WorkloadActual   9: 4096 op, 615244900.00 ns, 150.2063 us/op
WorkloadActual  10: 4096 op, 610509600.00 ns, 149.0502 us/op
WorkloadActual  11: 4096 op, 609309000.00 ns, 148.7571 us/op
WorkloadActual  12: 4096 op, 614237000.00 ns, 149.9602 us/op
WorkloadActual  13: 4096 op, 614536000.00 ns, 150.0332 us/op
WorkloadActual  14: 4096 op, 612014900.00 ns, 149.4177 us/op
WorkloadActual  15: 4096 op, 604048700.00 ns, 147.4728 us/op

// AfterActualRun
WorkloadResult   1: 4096 op, 604460200.00 ns, 147.5733 us/op
WorkloadResult   2: 4096 op, 604642100.00 ns, 147.6177 us/op
WorkloadResult   3: 4096 op, 606165900.00 ns, 147.9897 us/op
WorkloadResult   4: 4096 op, 601944900.00 ns, 146.9592 us/op
WorkloadResult   5: 4096 op, 613495200.00 ns, 149.7791 us/op
WorkloadResult   6: 4096 op, 613657800.00 ns, 149.8188 us/op
WorkloadResult   7: 4096 op, 614530600.00 ns, 150.0319 us/op
WorkloadResult   8: 4096 op, 617197500.00 ns, 150.6830 us/op
WorkloadResult   9: 4096 op, 615237100.00 ns, 150.2044 us/op
WorkloadResult  10: 4096 op, 610501800.00 ns, 149.0483 us/op
WorkloadResult  11: 4096 op, 609301200.00 ns, 148.7552 us/op
WorkloadResult  12: 4096 op, 614229200.00 ns, 149.9583 us/op
WorkloadResult  13: 4096 op, 614528200.00 ns, 150.0313 us/op
WorkloadResult  14: 4096 op, 612007100.00 ns, 149.4158 us/op
WorkloadResult  15: 4096 op, 604040900.00 ns, 147.4709 us/op
// GC:  283 28 0 1776058368 4096
// Threading:  0 0 4096

// AfterAll
// Benchmark Process 10388 has exited with code 0.

Mean = 149.022 μs, StdErr = 0.311 μs (0.21%), N = 15, StdDev = 1.204 μs
Min = 146.959 μs, Q1 = 147.804 μs, Median = 149.416 μs, Q3 = 149.995 μs, Max = 150.683 μs
IQR = 2.191 μs, LowerFence = 144.517 μs, UpperFence = 153.281 μs
ConfidenceInterval = [147.735 μs; 150.310 μs] (CI 99.9%), Margin = 1.287 μs (0.86% of Mean)
Skewness = -0.36, Kurtosis = 1.47, MValue = 2

// ** Remained 7 (33,3 %) benchmark(s) to run. Estimated finish 2026-05-01 15:30 (0h 2m from now) **
Setup power plan (GUID: 8c5e7fda-e8bf-4a96-9a85-a6e23a8c635c FriendlyName: Höchstleistung)
// **************************
// Benchmark: SortBenchmark.Running_JPS: DefaultJob [whichGrid=4]
// *** Execute ***
// Launch: 1 / 1
// Execute: dotnet impl_search-DefaultJob-1.dll --anonymousPipes 1848 1876 --benchmarkName "impl_search.SortBenchmark.Running_JPS(whichGrid: 4)" --job Default --benchmarkId 14 in C:\Users\herob\Uni\RealUni\Bachelor\code\impl_search_algth\impl_search\bin\Release\net8.0\impl_search-DefaultJob-1\bin\Release\net8.0
// BeforeAnythingElse

// Benchmark Process Environment Information:
// BenchmarkDotNet v0.15.8
// Runtime=.NET 8.0.8 (8.0.8, 8.0.824.36612), X64 RyuJIT x86-64-v3
// GC=Concurrent Workstation
// HardwareIntrinsics=AVX2+BMI1+BMI2+F16C+FMA+LZCNT+MOVBE,AVX,SSE3+SSSE3+SSE4.1+SSE4.2+POPCNT,X86Base+SSE+SSE2,AES+PCLMUL,AvxVnni,SERIALIZE VectorSize=256
// Job: DefaultJob

OverheadJitting  1: 1 op, 93300.00 ns, 93.3000 us/op
WorkloadJitting  1: 1 op, 3758400.00 ns, 3.7584 ms/op

OverheadJitting  2: 16 op, 137500.00 ns, 8.5938 us/op
WorkloadJitting  2: 16 op, 42009900.00 ns, 2.6256 ms/op

WorkloadPilot    1: 16 op, 40093400.00 ns, 2.5058 ms/op
WorkloadPilot    2: 32 op, 78379800.00 ns, 2.4494 ms/op
WorkloadPilot    3: 64 op, 113164900.00 ns, 1.7682 ms/op
WorkloadPilot    4: 128 op, 143705200.00 ns, 1.1227 ms/op
WorkloadPilot    5: 256 op, 283472900.00 ns, 1.1073 ms/op
WorkloadPilot    6: 512 op, 557592300.00 ns, 1.0890 ms/op

OverheadWarmup   1: 512 op, 2800.00 ns, 5.4688 ns/op
OverheadWarmup   2: 512 op, 1200.00 ns, 2.3438 ns/op
OverheadWarmup   3: 512 op, 1400.00 ns, 2.7344 ns/op
OverheadWarmup   4: 512 op, 1400.00 ns, 2.7344 ns/op
OverheadWarmup   5: 512 op, 1300.00 ns, 2.5391 ns/op
OverheadWarmup   6: 512 op, 1400.00 ns, 2.7344 ns/op

OverheadActual   1: 512 op, 1300.00 ns, 2.5391 ns/op
OverheadActual   2: 512 op, 1400.00 ns, 2.7344 ns/op
OverheadActual   3: 512 op, 1300.00 ns, 2.5391 ns/op
OverheadActual   4: 512 op, 1400.00 ns, 2.7344 ns/op
OverheadActual   5: 512 op, 1300.00 ns, 2.5391 ns/op
OverheadActual   6: 512 op, 1400.00 ns, 2.7344 ns/op
OverheadActual   7: 512 op, 1400.00 ns, 2.7344 ns/op
OverheadActual   8: 512 op, 1300.00 ns, 2.5391 ns/op
OverheadActual   9: 512 op, 1300.00 ns, 2.5391 ns/op
OverheadActual  10: 512 op, 1400.00 ns, 2.7344 ns/op
OverheadActual  11: 512 op, 1200.00 ns, 2.3438 ns/op
OverheadActual  12: 512 op, 1300.00 ns, 2.5391 ns/op
OverheadActual  13: 512 op, 1300.00 ns, 2.5391 ns/op
OverheadActual  14: 512 op, 1300.00 ns, 2.5391 ns/op
OverheadActual  15: 512 op, 1300.00 ns, 2.5391 ns/op

WorkloadWarmup   1: 512 op, 555626600.00 ns, 1.0852 ms/op
WorkloadWarmup   2: 512 op, 561938700.00 ns, 1.0975 ms/op
WorkloadWarmup   3: 512 op, 556174900.00 ns, 1.0863 ms/op
WorkloadWarmup   4: 512 op, 560426900.00 ns, 1.0946 ms/op
WorkloadWarmup   5: 512 op, 555012100.00 ns, 1.0840 ms/op
WorkloadWarmup   6: 512 op, 550671900.00 ns, 1.0755 ms/op

// BeforeActualRun
WorkloadActual   1: 512 op, 562255400.00 ns, 1.0982 ms/op
WorkloadActual   2: 512 op, 550801200.00 ns, 1.0758 ms/op
WorkloadActual   3: 512 op, 548741900.00 ns, 1.0718 ms/op
WorkloadActual   4: 512 op, 562594800.00 ns, 1.0988 ms/op
WorkloadActual   5: 512 op, 558029300.00 ns, 1.0899 ms/op
WorkloadActual   6: 512 op, 553618600.00 ns, 1.0813 ms/op
WorkloadActual   7: 512 op, 561675000.00 ns, 1.0970 ms/op
WorkloadActual   8: 512 op, 557157100.00 ns, 1.0882 ms/op
WorkloadActual   9: 512 op, 550537200.00 ns, 1.0753 ms/op
WorkloadActual  10: 512 op, 543888100.00 ns, 1.0623 ms/op
WorkloadActual  11: 512 op, 561106100.00 ns, 1.0959 ms/op
WorkloadActual  12: 512 op, 557911600.00 ns, 1.0897 ms/op
WorkloadActual  13: 512 op, 566277700.00 ns, 1.1060 ms/op
WorkloadActual  14: 512 op, 547307600.00 ns, 1.0690 ms/op
WorkloadActual  15: 512 op, 544255500.00 ns, 1.0630 ms/op

// AfterActualRun
WorkloadResult   1: 512 op, 562254100.00 ns, 1.0982 ms/op
WorkloadResult   2: 512 op, 550799900.00 ns, 1.0758 ms/op
WorkloadResult   3: 512 op, 548740600.00 ns, 1.0718 ms/op
WorkloadResult   4: 512 op, 562593500.00 ns, 1.0988 ms/op
WorkloadResult   5: 512 op, 558028000.00 ns, 1.0899 ms/op
WorkloadResult   6: 512 op, 553617300.00 ns, 1.0813 ms/op
WorkloadResult   7: 512 op, 561673700.00 ns, 1.0970 ms/op
WorkloadResult   8: 512 op, 557155800.00 ns, 1.0882 ms/op
WorkloadResult   9: 512 op, 550535900.00 ns, 1.0753 ms/op
WorkloadResult  10: 512 op, 543886800.00 ns, 1.0623 ms/op
WorkloadResult  11: 512 op, 561104800.00 ns, 1.0959 ms/op
WorkloadResult  12: 512 op, 557910300.00 ns, 1.0897 ms/op
WorkloadResult  13: 512 op, 566276400.00 ns, 1.1060 ms/op
WorkloadResult  14: 512 op, 547306300.00 ns, 1.0690 ms/op
WorkloadResult  15: 512 op, 544254200.00 ns, 1.0630 ms/op
// GC:  276 3 0 1734598656 512
// Threading:  0 0 512

// AfterAll
// Benchmark Process 22148 has exited with code 0.

Mean = 1.084 ms, StdErr = 0.004 ms (0.33%), N = 15, StdDev = 0.014 ms
Min = 1.062 ms, Q1 = 1.074 ms, Median = 1.088 ms, Q3 = 1.096 ms, Max = 1.106 ms
IQR = 0.023 ms, LowerFence = 1.039 ms, UpperFence = 1.131 ms
ConfidenceInterval = [1.069 ms; 1.099 ms] (CI 99.9%), Margin = 0.015 ms (1.38% of Mean)
Skewness = -0.15, Kurtosis = 1.53, MValue = 2

// ** Remained 6 (28,6 %) benchmark(s) to run. Estimated finish 2026-05-01 15:30 (0h 1m from now) **
Setup power plan (GUID: 8c5e7fda-e8bf-4a96-9a85-a6e23a8c635c FriendlyName: Höchstleistung)
// **************************
// Benchmark: SortBenchmark.Running_Astar: DefaultJob [whichGrid=5]
// *** Execute ***
// Launch: 1 / 1
// Execute: dotnet impl_search-DefaultJob-1.dll --anonymousPipes 1800 1264 --benchmarkName "impl_search.SortBenchmark.Running_Astar(whichGrid: 5)" --job Default --benchmarkId 15 in C:\Users\herob\Uni\RealUni\Bachelor\code\impl_search_algth\impl_search\bin\Release\net8.0\impl_search-DefaultJob-1\bin\Release\net8.0
// BeforeAnythingElse

// Benchmark Process Environment Information:
// BenchmarkDotNet v0.15.8
// Runtime=.NET 8.0.8 (8.0.8, 8.0.824.36612), X64 RyuJIT x86-64-v3
// GC=Concurrent Workstation
// HardwareIntrinsics=AVX2+BMI1+BMI2+F16C+FMA+LZCNT+MOVBE,AVX,SSE3+SSSE3+SSE4.1+SSE4.2+POPCNT,X86Base+SSE+SSE2,AES+PCLMUL,AvxVnni,SERIALIZE VectorSize=256
// Job: DefaultJob

OverheadJitting  1: 1 op, 97800.00 ns, 97.8000 us/op
WorkloadJitting  1: 1 op, 39943500.00 ns, 39.9435 ms/op

WorkloadPilot    1: 2 op, 61041600.00 ns, 30.5208 ms/op
WorkloadPilot    2: 3 op, 84631700.00 ns, 28.2106 ms/op
WorkloadPilot    3: 4 op, 114715700.00 ns, 28.6789 ms/op
WorkloadPilot    4: 5 op, 69866800.00 ns, 13.9734 ms/op
WorkloadPilot    5: 6 op, 81839600.00 ns, 13.6399 ms/op
WorkloadPilot    6: 7 op, 92695000.00 ns, 13.2421 ms/op
WorkloadPilot    7: 8 op, 106903800.00 ns, 13.3630 ms/op
WorkloadPilot    8: 9 op, 122049900.00 ns, 13.5611 ms/op
WorkloadPilot    9: 10 op, 132005100.00 ns, 13.2005 ms/op
WorkloadPilot   10: 11 op, 144153300.00 ns, 13.1048 ms/op
WorkloadPilot   11: 12 op, 160802000.00 ns, 13.4002 ms/op
WorkloadPilot   12: 13 op, 173024000.00 ns, 13.3095 ms/op
WorkloadPilot   13: 14 op, 189013400.00 ns, 13.5010 ms/op
WorkloadPilot   14: 15 op, 202126000.00 ns, 13.4751 ms/op
WorkloadPilot   15: 16 op, 211277700.00 ns, 13.2049 ms/op
WorkloadPilot   16: 32 op, 417782400.00 ns, 13.0557 ms/op
WorkloadPilot   17: 64 op, 851590200.00 ns, 13.3061 ms/op

WorkloadWarmup   1: 64 op, 840559100.00 ns, 13.1337 ms/op
WorkloadWarmup   2: 64 op, 864453500.00 ns, 13.5071 ms/op
WorkloadWarmup   3: 64 op, 847771500.00 ns, 13.2464 ms/op
WorkloadWarmup   4: 64 op, 856993000.00 ns, 13.3905 ms/op
WorkloadWarmup   5: 64 op, 860316200.00 ns, 13.4424 ms/op
WorkloadWarmup   6: 64 op, 850047100.00 ns, 13.2820 ms/op

// BeforeActualRun
WorkloadActual   1: 64 op, 840810800.00 ns, 13.1377 ms/op
WorkloadActual   2: 64 op, 855296500.00 ns, 13.3640 ms/op
WorkloadActual   3: 64 op, 840511900.00 ns, 13.1330 ms/op
WorkloadActual   4: 64 op, 851924700.00 ns, 13.3113 ms/op
WorkloadActual   5: 64 op, 856273800.00 ns, 13.3793 ms/op
WorkloadActual   6: 64 op, 849428800.00 ns, 13.2723 ms/op
WorkloadActual   7: 64 op, 825422400.00 ns, 12.8972 ms/op
WorkloadActual   8: 64 op, 836838000.00 ns, 13.0756 ms/op
WorkloadActual   9: 64 op, 840761100.00 ns, 13.1369 ms/op
WorkloadActual  10: 64 op, 839559800.00 ns, 13.1181 ms/op
WorkloadActual  11: 64 op, 840801200.00 ns, 13.1375 ms/op
WorkloadActual  12: 64 op, 857841700.00 ns, 13.4038 ms/op
WorkloadActual  13: 64 op, 842873000.00 ns, 13.1699 ms/op
WorkloadActual  14: 64 op, 838523000.00 ns, 13.1019 ms/op
WorkloadActual  15: 64 op, 852572500.00 ns, 13.3214 ms/op

// AfterActualRun
WorkloadResult   1: 64 op, 840810800.00 ns, 13.1377 ms/op
WorkloadResult   2: 64 op, 855296500.00 ns, 13.3640 ms/op
WorkloadResult   3: 64 op, 840511900.00 ns, 13.1330 ms/op
WorkloadResult   4: 64 op, 851924700.00 ns, 13.3113 ms/op
WorkloadResult   5: 64 op, 856273800.00 ns, 13.3793 ms/op
WorkloadResult   6: 64 op, 849428800.00 ns, 13.2723 ms/op
WorkloadResult   7: 64 op, 825422400.00 ns, 12.8972 ms/op
WorkloadResult   8: 64 op, 836838000.00 ns, 13.0756 ms/op
WorkloadResult   9: 64 op, 840761100.00 ns, 13.1369 ms/op
WorkloadResult  10: 64 op, 839559800.00 ns, 13.1181 ms/op
WorkloadResult  11: 64 op, 840801200.00 ns, 13.1375 ms/op
WorkloadResult  12: 64 op, 857841700.00 ns, 13.4038 ms/op
WorkloadResult  13: 64 op, 842873000.00 ns, 13.1699 ms/op
WorkloadResult  14: 64 op, 838523000.00 ns, 13.1019 ms/op
WorkloadResult  15: 64 op, 852572500.00 ns, 13.3214 ms/op
// GC:  457 6 3 2876257264 64
// Threading:  0 0 64

// AfterAll
// Benchmark Process 25232 has exited with code 0.

Mean = 13.197 ms, StdErr = 0.036 ms (0.27%), N = 15, StdDev = 0.140 ms
Min = 12.897 ms, Q1 = 13.126 ms, Median = 13.138 ms, Q3 = 13.316 ms, Max = 13.404 ms
IQR = 0.191 ms, LowerFence = 12.839 ms, UpperFence = 13.603 ms
ConfidenceInterval = [13.048 ms; 13.347 ms] (CI 99.9%), Margin = 0.149 ms (1.13% of Mean)
Skewness = -0.19, Kurtosis = 2.21, MValue = 2

// ** Remained 5 (23,8 %) benchmark(s) to run. Estimated finish 2026-05-01 15:30 (0h 1m from now) **
Setup power plan (GUID: 8c5e7fda-e8bf-4a96-9a85-a6e23a8c635c FriendlyName: Höchstleistung)
// **************************
// Benchmark: SortBenchmark.Running_CnC: DefaultJob [whichGrid=5]
// *** Execute ***
// Launch: 1 / 1
// Execute: dotnet impl_search-DefaultJob-1.dll --anonymousPipes 1088 1212 --benchmarkName "impl_search.SortBenchmark.Running_CnC(whichGrid: 5)" --job Default --benchmarkId 16 in C:\Users\herob\Uni\RealUni\Bachelor\code\impl_search_algth\impl_search\bin\Release\net8.0\impl_search-DefaultJob-1\bin\Release\net8.0
// BeforeAnythingElse

// Benchmark Process Environment Information:
// BenchmarkDotNet v0.15.8
// Runtime=.NET 8.0.8 (8.0.8, 8.0.824.36612), X64 RyuJIT x86-64-v3
// GC=Concurrent Workstation
// HardwareIntrinsics=AVX2+BMI1+BMI2+F16C+FMA+LZCNT+MOVBE,AVX,SSE3+SSSE3+SSE4.1+SSE4.2+POPCNT,X86Base+SSE+SSE2,AES+PCLMUL,AvxVnni,SERIALIZE VectorSize=256
// Job: DefaultJob

OverheadJitting  1: 1 op, 107400.00 ns, 107.4000 us/op
WorkloadJitting  1: 1 op, 11436900.00 ns, 11.4369 ms/op

OverheadJitting  2: 16 op, 339600.00 ns, 21.2250 us/op
WorkloadJitting  2: 16 op, 118023500.00 ns, 7.3765 ms/op

WorkloadPilot    1: 16 op, 103507800.00 ns, 6.4692 ms/op
WorkloadPilot    2: 32 op, 197079100.00 ns, 6.1587 ms/op
WorkloadPilot    3: 64 op, 195285400.00 ns, 3.0513 ms/op
WorkloadPilot    4: 128 op, 379961500.00 ns, 2.9684 ms/op
WorkloadPilot    5: 256 op, 758928100.00 ns, 2.9646 ms/op

OverheadWarmup   1: 256 op, 3100.00 ns, 12.1094 ns/op
OverheadWarmup   2: 256 op, 900.00 ns, 3.5156 ns/op
OverheadWarmup   3: 256 op, 900.00 ns, 3.5156 ns/op
OverheadWarmup   4: 256 op, 1000.00 ns, 3.9063 ns/op
OverheadWarmup   5: 256 op, 1000.00 ns, 3.9063 ns/op
OverheadWarmup   6: 256 op, 900.00 ns, 3.5156 ns/op

OverheadActual   1: 256 op, 900.00 ns, 3.5156 ns/op
OverheadActual   2: 256 op, 900.00 ns, 3.5156 ns/op
OverheadActual   3: 256 op, 900.00 ns, 3.5156 ns/op
OverheadActual   4: 256 op, 900.00 ns, 3.5156 ns/op
OverheadActual   5: 256 op, 1000.00 ns, 3.9063 ns/op
OverheadActual   6: 256 op, 900.00 ns, 3.5156 ns/op
OverheadActual   7: 256 op, 900.00 ns, 3.5156 ns/op
OverheadActual   8: 256 op, 900.00 ns, 3.5156 ns/op
OverheadActual   9: 256 op, 900.00 ns, 3.5156 ns/op
OverheadActual  10: 256 op, 1100.00 ns, 4.2969 ns/op
OverheadActual  11: 256 op, 900.00 ns, 3.5156 ns/op
OverheadActual  12: 256 op, 900.00 ns, 3.5156 ns/op
OverheadActual  13: 256 op, 900.00 ns, 3.5156 ns/op
OverheadActual  14: 256 op, 1000.00 ns, 3.9063 ns/op
OverheadActual  15: 256 op, 900.00 ns, 3.5156 ns/op

WorkloadWarmup   1: 256 op, 720951700.00 ns, 2.8162 ms/op
WorkloadWarmup   2: 256 op, 749018800.00 ns, 2.9259 ms/op
WorkloadWarmup   3: 256 op, 739313000.00 ns, 2.8879 ms/op
WorkloadWarmup   4: 256 op, 762119800.00 ns, 2.9770 ms/op
WorkloadWarmup   5: 256 op, 743238200.00 ns, 2.9033 ms/op
WorkloadWarmup   6: 256 op, 749871900.00 ns, 2.9292 ms/op

// BeforeActualRun
WorkloadActual   1: 256 op, 744066400.00 ns, 2.9065 ms/op
WorkloadActual   2: 256 op, 726763100.00 ns, 2.8389 ms/op
WorkloadActual   3: 256 op, 750326300.00 ns, 2.9310 ms/op
WorkloadActual   4: 256 op, 737742600.00 ns, 2.8818 ms/op
WorkloadActual   5: 256 op, 755134200.00 ns, 2.9497 ms/op
WorkloadActual   6: 256 op, 748886500.00 ns, 2.9253 ms/op
WorkloadActual   7: 256 op, 726129200.00 ns, 2.8364 ms/op
WorkloadActual   8: 256 op, 751020600.00 ns, 2.9337 ms/op
WorkloadActual   9: 256 op, 731991100.00 ns, 2.8593 ms/op
WorkloadActual  10: 256 op, 742831000.00 ns, 2.9017 ms/op
WorkloadActual  11: 256 op, 739055800.00 ns, 2.8869 ms/op
WorkloadActual  12: 256 op, 732980200.00 ns, 2.8632 ms/op
WorkloadActual  13: 256 op, 755165200.00 ns, 2.9499 ms/op
WorkloadActual  14: 256 op, 738498300.00 ns, 2.8848 ms/op
WorkloadActual  15: 256 op, 738746900.00 ns, 2.8857 ms/op

// AfterActualRun
WorkloadResult   1: 256 op, 744065500.00 ns, 2.9065 ms/op
WorkloadResult   2: 256 op, 726762200.00 ns, 2.8389 ms/op
WorkloadResult   3: 256 op, 750325400.00 ns, 2.9310 ms/op
WorkloadResult   4: 256 op, 737741700.00 ns, 2.8818 ms/op
WorkloadResult   5: 256 op, 755133300.00 ns, 2.9497 ms/op
WorkloadResult   6: 256 op, 748885600.00 ns, 2.9253 ms/op
WorkloadResult   7: 256 op, 726128300.00 ns, 2.8364 ms/op
WorkloadResult   8: 256 op, 751019700.00 ns, 2.9337 ms/op
WorkloadResult   9: 256 op, 731990200.00 ns, 2.8593 ms/op
WorkloadResult  10: 256 op, 742830100.00 ns, 2.9017 ms/op
WorkloadResult  11: 256 op, 739054900.00 ns, 2.8869 ms/op
WorkloadResult  12: 256 op, 732979300.00 ns, 2.8632 ms/op
WorkloadResult  13: 256 op, 755164300.00 ns, 2.9499 ms/op
WorkloadResult  14: 256 op, 738497400.00 ns, 2.8848 ms/op
WorkloadResult  15: 256 op, 738746000.00 ns, 2.8857 ms/op
// GC:  419 30 0 2632744960 256
// Threading:  0 0 256

// AfterAll
// Benchmark Process 29304 has exited with code 0.

Mean = 2.896 ms, StdErr = 0.010 ms (0.33%), N = 15, StdDev = 0.037 ms
Min = 2.836 ms, Q1 = 2.873 ms, Median = 2.887 ms, Q3 = 2.928 ms, Max = 2.950 ms
IQR = 0.056 ms, LowerFence = 2.789 ms, UpperFence = 3.012 ms
ConfidenceInterval = [2.856 ms; 2.935 ms] (CI 99.9%), Margin = 0.040 ms (1.37% of Mean)
Skewness = -0.04, Kurtosis = 1.68, MValue = 2

// ** Remained 4 (19,0 %) benchmark(s) to run. Estimated finish 2026-05-01 15:30 (0h 1m from now) **
Setup power plan (GUID: 8c5e7fda-e8bf-4a96-9a85-a6e23a8c635c FriendlyName: Höchstleistung)
// **************************
// Benchmark: SortBenchmark.Running_JPS: DefaultJob [whichGrid=5]
// *** Execute ***
// Launch: 1 / 1
// Execute: dotnet impl_search-DefaultJob-1.dll --anonymousPipes 1788 2024 --benchmarkName "impl_search.SortBenchmark.Running_JPS(whichGrid: 5)" --job Default --benchmarkId 17 in C:\Users\herob\Uni\RealUni\Bachelor\code\impl_search_algth\impl_search\bin\Release\net8.0\impl_search-DefaultJob-1\bin\Release\net8.0
// BeforeAnythingElse

// Benchmark Process Environment Information:
// BenchmarkDotNet v0.15.8
// Runtime=.NET 8.0.8 (8.0.8, 8.0.824.36612), X64 RyuJIT x86-64-v3
// GC=Concurrent Workstation
// HardwareIntrinsics=AVX2+BMI1+BMI2+F16C+FMA+LZCNT+MOVBE,AVX,SSE3+SSSE3+SSE4.1+SSE4.2+POPCNT,X86Base+SSE+SSE2,AES+PCLMUL,AvxVnni,SERIALIZE VectorSize=256
// Job: DefaultJob

OverheadJitting  1: 1 op, 297400.00 ns, 297.4000 us/op
WorkloadJitting  1: 1 op, 14440300.00 ns, 14.4403 ms/op

OverheadJitting  2: 16 op, 156800.00 ns, 9.8000 us/op
WorkloadJitting  2: 16 op, 160296600.00 ns, 10.0185 ms/op

WorkloadPilot    1: 16 op, 73868200.00 ns, 4.6168 ms/op
WorkloadPilot    2: 32 op, 143235800.00 ns, 4.4761 ms/op
WorkloadPilot    3: 64 op, 270294900.00 ns, 4.2234 ms/op
WorkloadPilot    4: 128 op, 539707500.00 ns, 4.2165 ms/op

OverheadWarmup   1: 128 op, 1600.00 ns, 12.5000 ns/op
OverheadWarmup   2: 128 op, 800.00 ns, 6.2500 ns/op
OverheadWarmup   3: 128 op, 700.00 ns, 5.4688 ns/op
OverheadWarmup   4: 128 op, 600.00 ns, 4.6875 ns/op
OverheadWarmup   5: 128 op, 700.00 ns, 5.4688 ns/op
OverheadWarmup   6: 128 op, 600.00 ns, 4.6875 ns/op
OverheadWarmup   7: 128 op, 600.00 ns, 4.6875 ns/op
OverheadWarmup   8: 128 op, 7200.00 ns, 56.2500 ns/op

OverheadActual   1: 128 op, 700.00 ns, 5.4688 ns/op
OverheadActual   2: 128 op, 700.00 ns, 5.4688 ns/op
OverheadActual   3: 128 op, 800.00 ns, 6.2500 ns/op
OverheadActual   4: 128 op, 800.00 ns, 6.2500 ns/op
OverheadActual   5: 128 op, 700.00 ns, 5.4688 ns/op
OverheadActual   6: 128 op, 700.00 ns, 5.4688 ns/op
OverheadActual   7: 128 op, 700.00 ns, 5.4688 ns/op
OverheadActual   8: 128 op, 700.00 ns, 5.4688 ns/op
OverheadActual   9: 128 op, 700.00 ns, 5.4688 ns/op
OverheadActual  10: 128 op, 700.00 ns, 5.4688 ns/op
OverheadActual  11: 128 op, 700.00 ns, 5.4688 ns/op
OverheadActual  12: 128 op, 700.00 ns, 5.4688 ns/op
OverheadActual  13: 128 op, 700.00 ns, 5.4688 ns/op
OverheadActual  14: 128 op, 700.00 ns, 5.4688 ns/op
OverheadActual  15: 128 op, 700.00 ns, 5.4688 ns/op

WorkloadWarmup   1: 128 op, 542254200.00 ns, 4.2364 ms/op
WorkloadWarmup   2: 128 op, 531887600.00 ns, 4.1554 ms/op
WorkloadWarmup   3: 128 op, 542706400.00 ns, 4.2399 ms/op
WorkloadWarmup   4: 128 op, 533164100.00 ns, 4.1653 ms/op
WorkloadWarmup   5: 128 op, 533566700.00 ns, 4.1685 ms/op
WorkloadWarmup   6: 128 op, 522599200.00 ns, 4.0828 ms/op

// BeforeActualRun
WorkloadActual   1: 128 op, 538748300.00 ns, 4.2090 ms/op
WorkloadActual   2: 128 op, 547059300.00 ns, 4.2739 ms/op
WorkloadActual   3: 128 op, 538187400.00 ns, 4.2046 ms/op
WorkloadActual   4: 128 op, 531939800.00 ns, 4.1558 ms/op
WorkloadActual   5: 128 op, 538719900.00 ns, 4.2087 ms/op
WorkloadActual   6: 128 op, 543932200.00 ns, 4.2495 ms/op
WorkloadActual   7: 128 op, 540360100.00 ns, 4.2216 ms/op
WorkloadActual   8: 128 op, 537218900.00 ns, 4.1970 ms/op
WorkloadActual   9: 128 op, 534144700.00 ns, 4.1730 ms/op
WorkloadActual  10: 128 op, 535133500.00 ns, 4.1807 ms/op
WorkloadActual  11: 128 op, 533887900.00 ns, 4.1710 ms/op
WorkloadActual  12: 128 op, 529606300.00 ns, 4.1375 ms/op
WorkloadActual  13: 128 op, 539564200.00 ns, 4.2153 ms/op
WorkloadActual  14: 128 op, 543052700.00 ns, 4.2426 ms/op
WorkloadActual  15: 128 op, 535435100.00 ns, 4.1831 ms/op

// AfterActualRun
WorkloadResult   1: 128 op, 538747600.00 ns, 4.2090 ms/op
WorkloadResult   2: 128 op, 547058600.00 ns, 4.2739 ms/op
WorkloadResult   3: 128 op, 538186700.00 ns, 4.2046 ms/op
WorkloadResult   4: 128 op, 531939100.00 ns, 4.1558 ms/op
WorkloadResult   5: 128 op, 538719200.00 ns, 4.2087 ms/op
WorkloadResult   6: 128 op, 543931500.00 ns, 4.2495 ms/op
WorkloadResult   7: 128 op, 540359400.00 ns, 4.2216 ms/op
WorkloadResult   8: 128 op, 537218200.00 ns, 4.1970 ms/op
WorkloadResult   9: 128 op, 534144000.00 ns, 4.1730 ms/op
WorkloadResult  10: 128 op, 535132800.00 ns, 4.1807 ms/op
WorkloadResult  11: 128 op, 533887200.00 ns, 4.1710 ms/op
WorkloadResult  12: 128 op, 529605600.00 ns, 4.1375 ms/op
WorkloadResult  13: 128 op, 539563500.00 ns, 4.2153 ms/op
WorkloadResult  14: 128 op, 543052000.00 ns, 4.2426 ms/op
WorkloadResult  15: 128 op, 535434400.00 ns, 4.1831 ms/op
// GC:  344 8 0 2160671744 128
// Threading:  0 0 128

// AfterAll
// Benchmark Process 26680 has exited with code 0.

Mean = 4.202 ms, StdErr = 0.009 ms (0.22%), N = 15, StdDev = 0.037 ms
Min = 4.138 ms, Q1 = 4.177 ms, Median = 4.205 ms, Q3 = 4.218 ms, Max = 4.274 ms
IQR = 0.042 ms, LowerFence = 4.114 ms, UpperFence = 4.281 ms
ConfidenceInterval = [4.163 ms; 4.241 ms] (CI 99.9%), Margin = 0.039 ms (0.93% of Mean)
Skewness = 0.2, Kurtosis = 2.2, MValue = 2

// ** Remained 3 (14,3 %) benchmark(s) to run. Estimated finish 2026-05-01 15:30 (0h 0m from now) **
Setup power plan (GUID: 8c5e7fda-e8bf-4a96-9a85-a6e23a8c635c FriendlyName: Höchstleistung)
// **************************
// Benchmark: SortBenchmark.Running_Astar: DefaultJob [whichGrid=6]
// *** Execute ***
// Launch: 1 / 1
// Execute: dotnet impl_search-DefaultJob-1.dll --anonymousPipes 1784 1792 --benchmarkName "impl_search.SortBenchmark.Running_Astar(whichGrid: 6)" --job Default --benchmarkId 18 in C:\Users\herob\Uni\RealUni\Bachelor\code\impl_search_algth\impl_search\bin\Release\net8.0\impl_search-DefaultJob-1\bin\Release\net8.0
// BeforeAnythingElse

// Benchmark Process Environment Information:
// BenchmarkDotNet v0.15.8
// Runtime=.NET 8.0.8 (8.0.8, 8.0.824.36612), X64 RyuJIT x86-64-v3
// GC=Concurrent Workstation
// HardwareIntrinsics=AVX2+BMI1+BMI2+F16C+FMA+LZCNT+MOVBE,AVX,SSE3+SSSE3+SSE4.1+SSE4.2+POPCNT,X86Base+SSE+SSE2,AES+PCLMUL,AvxVnni,SERIALIZE VectorSize=256
// Job: DefaultJob

OverheadJitting  1: 1 op, 111500.00 ns, 111.5000 us/op
WorkloadJitting  1: 1 op, 1699900.00 ns, 1.6999 ms/op

OverheadJitting  2: 16 op, 152800.00 ns, 9.5500 us/op
WorkloadJitting  2: 16 op, 29504300.00 ns, 1.8440 ms/op

WorkloadPilot    1: 16 op, 22222800.00 ns, 1.3889 ms/op
WorkloadPilot    2: 32 op, 39427400.00 ns, 1.2321 ms/op
WorkloadPilot    3: 64 op, 75438600.00 ns, 1.1787 ms/op
WorkloadPilot    4: 128 op, 78607300.00 ns, 614.1195 us/op
WorkloadPilot    5: 256 op, 107531800.00 ns, 420.0461 us/op
WorkloadPilot    6: 512 op, 215223900.00 ns, 420.3592 us/op
WorkloadPilot    7: 1024 op, 432284600.00 ns, 422.1529 us/op
WorkloadPilot    8: 2048 op, 867715800.00 ns, 423.6894 us/op

OverheadWarmup   1: 2048 op, 5000.00 ns, 2.4414 ns/op
OverheadWarmup   2: 2048 op, 4500.00 ns, 2.1973 ns/op
OverheadWarmup   3: 2048 op, 4200.00 ns, 2.0508 ns/op
OverheadWarmup   4: 2048 op, 4100.00 ns, 2.0020 ns/op
OverheadWarmup   5: 2048 op, 4100.00 ns, 2.0020 ns/op
OverheadWarmup   6: 2048 op, 4100.00 ns, 2.0020 ns/op
OverheadWarmup   7: 2048 op, 4100.00 ns, 2.0020 ns/op
OverheadWarmup   8: 2048 op, 4100.00 ns, 2.0020 ns/op

OverheadActual   1: 2048 op, 4200.00 ns, 2.0508 ns/op
OverheadActual   2: 2048 op, 4100.00 ns, 2.0020 ns/op
OverheadActual   3: 2048 op, 4200.00 ns, 2.0508 ns/op
OverheadActual   4: 2048 op, 4200.00 ns, 2.0508 ns/op
OverheadActual   5: 2048 op, 4100.00 ns, 2.0020 ns/op
OverheadActual   6: 2048 op, 3900.00 ns, 1.9043 ns/op
OverheadActual   7: 2048 op, 3700.00 ns, 1.8066 ns/op
OverheadActual   8: 2048 op, 3700.00 ns, 1.8066 ns/op
OverheadActual   9: 2048 op, 3800.00 ns, 1.8555 ns/op
OverheadActual  10: 2048 op, 3800.00 ns, 1.8555 ns/op
OverheadActual  11: 2048 op, 3800.00 ns, 1.8555 ns/op
OverheadActual  12: 2048 op, 3800.00 ns, 1.8555 ns/op
OverheadActual  13: 2048 op, 3800.00 ns, 1.8555 ns/op
OverheadActual  14: 2048 op, 3800.00 ns, 1.8555 ns/op
OverheadActual  15: 2048 op, 3800.00 ns, 1.8555 ns/op
OverheadActual  16: 2048 op, 3800.00 ns, 1.8555 ns/op

WorkloadWarmup   1: 2048 op, 863633500.00 ns, 421.6960 us/op
WorkloadWarmup   2: 2048 op, 856576300.00 ns, 418.2501 us/op
WorkloadWarmup   3: 2048 op, 854101900.00 ns, 417.0419 us/op
WorkloadWarmup   4: 2048 op, 849824700.00 ns, 414.9535 us/op
WorkloadWarmup   5: 2048 op, 840221300.00 ns, 410.2643 us/op
WorkloadWarmup   6: 2048 op, 845427300.00 ns, 412.8063 us/op
WorkloadWarmup   7: 2048 op, 865182200.00 ns, 422.4522 us/op
WorkloadWarmup   8: 2048 op, 839872700.00 ns, 410.0941 us/op
WorkloadWarmup   9: 2048 op, 835132100.00 ns, 407.7793 us/op
WorkloadWarmup  10: 2048 op, 834351000.00 ns, 407.3979 us/op
WorkloadWarmup  11: 2048 op, 840661300.00 ns, 410.4792 us/op
WorkloadWarmup  12: 2048 op, 827808900.00 ns, 404.2036 us/op

// BeforeActualRun
WorkloadActual   1: 2048 op, 840193000.00 ns, 410.2505 us/op
WorkloadActual   2: 2048 op, 828571400.00 ns, 404.5759 us/op
WorkloadActual   3: 2048 op, 830578900.00 ns, 405.5561 us/op
WorkloadActual   4: 2048 op, 844562000.00 ns, 412.3838 us/op
WorkloadActual   5: 2048 op, 840650100.00 ns, 410.4737 us/op
WorkloadActual   6: 2048 op, 850903100.00 ns, 415.4800 us/op
WorkloadActual   7: 2048 op, 847163800.00 ns, 413.6542 us/op
WorkloadActual   8: 2048 op, 849671000.00 ns, 414.8784 us/op
WorkloadActual   9: 2048 op, 860491100.00 ns, 420.1617 us/op
WorkloadActual  10: 2048 op, 833764900.00 ns, 407.1118 us/op
WorkloadActual  11: 2048 op, 834549500.00 ns, 407.4949 us/op
WorkloadActual  12: 2048 op, 847453800.00 ns, 413.7958 us/op
WorkloadActual  13: 2048 op, 831830700.00 ns, 406.1673 us/op
WorkloadActual  14: 2048 op, 799947600.00 ns, 390.5994 us/op
WorkloadActual  15: 2048 op, 800722800.00 ns, 390.9779 us/op
WorkloadActual  16: 2048 op, 799254600.00 ns, 390.2610 us/op
WorkloadActual  17: 2048 op, 796983500.00 ns, 389.1521 us/op
WorkloadActual  18: 2048 op, 799631800.00 ns, 390.4452 us/op
WorkloadActual  19: 2048 op, 801147100.00 ns, 391.1851 us/op
WorkloadActual  20: 2048 op, 797406100.00 ns, 389.3584 us/op
WorkloadActual  21: 2048 op, 796281200.00 ns, 388.8092 us/op
WorkloadActual  22: 2048 op, 796680500.00 ns, 389.0042 us/op
WorkloadActual  23: 2048 op, 798678700.00 ns, 389.9798 us/op
WorkloadActual  24: 2048 op, 802647900.00 ns, 391.9179 us/op
WorkloadActual  25: 2048 op, 816115600.00 ns, 398.4939 us/op
WorkloadActual  26: 2048 op, 798913600.00 ns, 390.0945 us/op

// AfterActualRun
WorkloadResult   1: 2048 op, 840189200.00 ns, 410.2486 us/op
WorkloadResult   2: 2048 op, 828567600.00 ns, 404.5740 us/op
WorkloadResult   3: 2048 op, 830575100.00 ns, 405.5542 us/op
WorkloadResult   4: 2048 op, 844558200.00 ns, 412.3819 us/op
WorkloadResult   5: 2048 op, 840646300.00 ns, 410.4718 us/op
WorkloadResult   6: 2048 op, 850899300.00 ns, 415.4782 us/op
WorkloadResult   7: 2048 op, 847160000.00 ns, 413.6523 us/op
WorkloadResult   8: 2048 op, 849667200.00 ns, 414.8766 us/op
WorkloadResult   9: 2048 op, 860487300.00 ns, 420.1598 us/op
WorkloadResult  10: 2048 op, 833761100.00 ns, 407.1099 us/op
WorkloadResult  11: 2048 op, 834545700.00 ns, 407.4930 us/op
WorkloadResult  12: 2048 op, 847450000.00 ns, 413.7939 us/op
WorkloadResult  13: 2048 op, 831826900.00 ns, 406.1655 us/op
WorkloadResult  14: 2048 op, 799943800.00 ns, 390.5976 us/op
WorkloadResult  15: 2048 op, 800719000.00 ns, 390.9761 us/op
WorkloadResult  16: 2048 op, 799250800.00 ns, 390.2592 us/op
WorkloadResult  17: 2048 op, 796979700.00 ns, 389.1502 us/op
WorkloadResult  18: 2048 op, 799628000.00 ns, 390.4434 us/op
WorkloadResult  19: 2048 op, 801143300.00 ns, 391.1833 us/op
WorkloadResult  20: 2048 op, 797402300.00 ns, 389.3566 us/op
WorkloadResult  21: 2048 op, 796277400.00 ns, 388.8073 us/op
WorkloadResult  22: 2048 op, 796676700.00 ns, 389.0023 us/op
WorkloadResult  23: 2048 op, 798674900.00 ns, 389.9780 us/op
WorkloadResult  24: 2048 op, 802644100.00 ns, 391.9161 us/op
WorkloadResult  25: 2048 op, 816111800.00 ns, 398.4921 us/op
WorkloadResult  26: 2048 op, 798909800.00 ns, 390.0927 us/op
// GC:  462 81 0 2899132416 2048
// Threading:  0 0 2048

// AfterAll
// Benchmark Process 25580 has exited with code 0.

Mean = 400.854 μs, StdErr = 2.136 μs (0.53%), N = 26, StdDev = 10.893 μs
Min = 388.807 μs, Q1 = 390.305 μs, Median = 401.533 μs, Q3 = 410.416 μs, Max = 420.160 μs
IQR = 20.111 μs, LowerFence = 360.139 μs, UpperFence = 440.582 μs
ConfidenceInterval = [392.896 μs; 408.813 μs] (CI 99.9%), Margin = 7.958 μs (1.99% of Mean)
Skewness = 0.19, Kurtosis = 1.32, MValue = 3.5

// ** Remained 2 (9,5 %) benchmark(s) to run. Estimated finish 2026-05-01 15:30 (0h 0m from now) **
Setup power plan (GUID: 8c5e7fda-e8bf-4a96-9a85-a6e23a8c635c FriendlyName: Höchstleistung)
// **************************
// Benchmark: SortBenchmark.Running_CnC: DefaultJob [whichGrid=6]
// *** Execute ***
// Launch: 1 / 1
// Execute: dotnet impl_search-DefaultJob-1.dll --anonymousPipes 1820 1160 --benchmarkName "impl_search.SortBenchmark.Running_CnC(whichGrid: 6)" --job Default --benchmarkId 19 in C:\Users\herob\Uni\RealUni\Bachelor\code\impl_search_algth\impl_search\bin\Release\net8.0\impl_search-DefaultJob-1\bin\Release\net8.0
// BeforeAnythingElse

// Benchmark Process Environment Information:
// BenchmarkDotNet v0.15.8
// Runtime=.NET 8.0.8 (8.0.8, 8.0.824.36612), X64 RyuJIT x86-64-v3
// GC=Concurrent Workstation
// HardwareIntrinsics=AVX2+BMI1+BMI2+F16C+FMA+LZCNT+MOVBE,AVX,SSE3+SSSE3+SSE4.1+SSE4.2+POPCNT,X86Base+SSE+SSE2,AES+PCLMUL,AvxVnni,SERIALIZE VectorSize=256
// Job: DefaultJob

OverheadJitting  1: 1 op, 95200.00 ns, 95.2000 us/op
WorkloadJitting  1: 1 op, 7969300.00 ns, 7.9693 ms/op

OverheadJitting  2: 16 op, 180700.00 ns, 11.2938 us/op
WorkloadJitting  2: 16 op, 74971300.00 ns, 4.6857 ms/op

WorkloadPilot    1: 16 op, 63441900.00 ns, 3.9651 ms/op
WorkloadPilot    2: 32 op, 120441800.00 ns, 3.7638 ms/op
WorkloadPilot    3: 64 op, 125391400.00 ns, 1.9592 ms/op
WorkloadPilot    4: 128 op, 209303300.00 ns, 1.6352 ms/op
WorkloadPilot    5: 256 op, 416481800.00 ns, 1.6269 ms/op
WorkloadPilot    6: 512 op, 831702500.00 ns, 1.6244 ms/op

OverheadWarmup   1: 512 op, 2400.00 ns, 4.6875 ns/op
OverheadWarmup   2: 512 op, 1300.00 ns, 2.5391 ns/op
OverheadWarmup   3: 512 op, 1200.00 ns, 2.3438 ns/op
OverheadWarmup   4: 512 op, 1200.00 ns, 2.3438 ns/op
OverheadWarmup   5: 512 op, 1200.00 ns, 2.3438 ns/op
OverheadWarmup   6: 512 op, 1200.00 ns, 2.3438 ns/op
OverheadWarmup   7: 512 op, 1200.00 ns, 2.3438 ns/op

OverheadActual   1: 512 op, 1300.00 ns, 2.5391 ns/op
OverheadActual   2: 512 op, 1700.00 ns, 3.3203 ns/op
OverheadActual   3: 512 op, 1300.00 ns, 2.5391 ns/op
OverheadActual   4: 512 op, 1300.00 ns, 2.5391 ns/op
OverheadActual   5: 512 op, 1300.00 ns, 2.5391 ns/op
OverheadActual   6: 512 op, 1200.00 ns, 2.3438 ns/op
OverheadActual   7: 512 op, 1300.00 ns, 2.5391 ns/op
OverheadActual   8: 512 op, 1300.00 ns, 2.5391 ns/op
OverheadActual   9: 512 op, 1300.00 ns, 2.5391 ns/op
OverheadActual  10: 512 op, 1300.00 ns, 2.5391 ns/op
OverheadActual  11: 512 op, 1200.00 ns, 2.3438 ns/op
OverheadActual  12: 512 op, 1300.00 ns, 2.5391 ns/op
OverheadActual  13: 512 op, 1300.00 ns, 2.5391 ns/op
OverheadActual  14: 512 op, 1300.00 ns, 2.5391 ns/op
OverheadActual  15: 512 op, 1200.00 ns, 2.3438 ns/op

WorkloadWarmup   1: 512 op, 838680900.00 ns, 1.6380 ms/op
WorkloadWarmup   2: 512 op, 833186500.00 ns, 1.6273 ms/op
WorkloadWarmup   3: 512 op, 832666100.00 ns, 1.6263 ms/op
WorkloadWarmup   4: 512 op, 833521300.00 ns, 1.6280 ms/op
WorkloadWarmup   5: 512 op, 833607600.00 ns, 1.6281 ms/op
WorkloadWarmup   6: 512 op, 834944800.00 ns, 1.6308 ms/op
WorkloadWarmup   7: 512 op, 835077800.00 ns, 1.6310 ms/op
WorkloadWarmup   8: 512 op, 831656600.00 ns, 1.6243 ms/op
WorkloadWarmup   9: 512 op, 831681000.00 ns, 1.6244 ms/op
WorkloadWarmup  10: 512 op, 832137400.00 ns, 1.6253 ms/op
WorkloadWarmup  11: 512 op, 829959600.00 ns, 1.6210 ms/op

// BeforeActualRun
WorkloadActual   1: 512 op, 833970600.00 ns, 1.6288 ms/op
WorkloadActual   2: 512 op, 832065000.00 ns, 1.6251 ms/op
WorkloadActual   3: 512 op, 833205300.00 ns, 1.6274 ms/op
WorkloadActual   4: 512 op, 829475100.00 ns, 1.6201 ms/op
WorkloadActual   5: 512 op, 842364400.00 ns, 1.6452 ms/op
WorkloadActual   6: 512 op, 833262300.00 ns, 1.6275 ms/op
WorkloadActual   7: 512 op, 832317600.00 ns, 1.6256 ms/op
WorkloadActual   8: 512 op, 831530200.00 ns, 1.6241 ms/op
WorkloadActual   9: 512 op, 830746300.00 ns, 1.6226 ms/op
WorkloadActual  10: 512 op, 832367200.00 ns, 1.6257 ms/op
WorkloadActual  11: 512 op, 830106000.00 ns, 1.6213 ms/op
WorkloadActual  12: 512 op, 830967900.00 ns, 1.6230 ms/op
WorkloadActual  13: 512 op, 827993500.00 ns, 1.6172 ms/op
WorkloadActual  14: 512 op, 831520300.00 ns, 1.6241 ms/op
WorkloadActual  15: 512 op, 834747800.00 ns, 1.6304 ms/op

// AfterActualRun
WorkloadResult   1: 512 op, 833969300.00 ns, 1.6288 ms/op
WorkloadResult   2: 512 op, 832063700.00 ns, 1.6251 ms/op
WorkloadResult   3: 512 op, 833204000.00 ns, 1.6274 ms/op
WorkloadResult   4: 512 op, 829473800.00 ns, 1.6201 ms/op
WorkloadResult   5: 512 op, 833261000.00 ns, 1.6275 ms/op
WorkloadResult   6: 512 op, 832316300.00 ns, 1.6256 ms/op
WorkloadResult   7: 512 op, 831528900.00 ns, 1.6241 ms/op
WorkloadResult   8: 512 op, 830745000.00 ns, 1.6225 ms/op
WorkloadResult   9: 512 op, 832365900.00 ns, 1.6257 ms/op
WorkloadResult  10: 512 op, 830104700.00 ns, 1.6213 ms/op
WorkloadResult  11: 512 op, 830966600.00 ns, 1.6230 ms/op
WorkloadResult  12: 512 op, 827992200.00 ns, 1.6172 ms/op
WorkloadResult  13: 512 op, 831519000.00 ns, 1.6241 ms/op
WorkloadResult  14: 512 op, 834746500.00 ns, 1.6304 ms/op
// GC:  538 29 0 3379052544 512
// Threading:  0 0 512

// AfterAll
// Benchmark Process 9476 has exited with code 0.

Mean = 1.624 ms, StdErr = 0.001 ms (0.06%), N = 14, StdDev = 0.004 ms
Min = 1.617 ms, Q1 = 1.623 ms, Median = 1.625 ms, Q3 = 1.627 ms, Max = 1.630 ms
IQR = 0.004 ms, LowerFence = 1.616 ms, UpperFence = 1.633 ms
ConfidenceInterval = [1.620 ms; 1.628 ms] (CI 99.9%), Margin = 0.004 ms (0.25% of Mean)
Skewness = -0.28, Kurtosis = 2.29, MValue = 2

// ** Remained 1 (4,8 %) benchmark(s) to run. Estimated finish 2026-05-01 15:31 (0h 0m from now) **
Setup power plan (GUID: 8c5e7fda-e8bf-4a96-9a85-a6e23a8c635c FriendlyName: Höchstleistung)
// **************************
// Benchmark: SortBenchmark.Running_JPS: DefaultJob [whichGrid=6]
// *** Execute ***
// Launch: 1 / 1
// Execute: dotnet impl_search-DefaultJob-1.dll --anonymousPipes 1792 1180 --benchmarkName "impl_search.SortBenchmark.Running_JPS(whichGrid: 6)" --job Default --benchmarkId 20 in C:\Users\herob\Uni\RealUni\Bachelor\code\impl_search_algth\impl_search\bin\Release\net8.0\impl_search-DefaultJob-1\bin\Release\net8.0
// BeforeAnythingElse

// Benchmark Process Environment Information:
// BenchmarkDotNet v0.15.8
// Runtime=.NET 8.0.8 (8.0.8, 8.0.824.36612), X64 RyuJIT x86-64-v3
// GC=Concurrent Workstation
// HardwareIntrinsics=AVX2+BMI1+BMI2+F16C+FMA+LZCNT+MOVBE,AVX,SSE3+SSSE3+SSE4.1+SSE4.2+POPCNT,X86Base+SSE+SSE2,AES+PCLMUL,AvxVnni,SERIALIZE VectorSize=256
// Job: DefaultJob

OverheadJitting  1: 1 op, 89000.00 ns, 89.0000 us/op
WorkloadJitting  1: 1 op, 29480100.00 ns, 29.4801 ms/op

OverheadJitting  2: 16 op, 163300.00 ns, 10.2063 us/op
WorkloadJitting  2: 16 op, 273613100.00 ns, 17.1008 ms/op

WorkloadPilot    1: 16 op, 184749600.00 ns, 11.5469 ms/op
WorkloadPilot    2: 32 op, 361939800.00 ns, 11.3106 ms/op
WorkloadPilot    3: 64 op, 710783600.00 ns, 11.1060 ms/op

OverheadWarmup   1: 64 op, 2000.00 ns, 31.2500 ns/op
OverheadWarmup   2: 64 op, 500.00 ns, 7.8125 ns/op
OverheadWarmup   3: 64 op, 600.00 ns, 9.3750 ns/op
OverheadWarmup   4: 64 op, 600.00 ns, 9.3750 ns/op
OverheadWarmup   5: 64 op, 500.00 ns, 7.8125 ns/op
OverheadWarmup   6: 64 op, 600.00 ns, 9.3750 ns/op

OverheadActual   1: 64 op, 500.00 ns, 7.8125 ns/op
OverheadActual   2: 64 op, 700.00 ns, 10.9375 ns/op
OverheadActual   3: 64 op, 600.00 ns, 9.3750 ns/op
OverheadActual   4: 64 op, 500.00 ns, 7.8125 ns/op
OverheadActual   5: 64 op, 500.00 ns, 7.8125 ns/op
OverheadActual   6: 64 op, 500.00 ns, 7.8125 ns/op
OverheadActual   7: 64 op, 500.00 ns, 7.8125 ns/op
OverheadActual   8: 64 op, 500.00 ns, 7.8125 ns/op
OverheadActual   9: 64 op, 500.00 ns, 7.8125 ns/op
OverheadActual  10: 64 op, 500.00 ns, 7.8125 ns/op
OverheadActual  11: 64 op, 600.00 ns, 9.3750 ns/op
OverheadActual  12: 64 op, 500.00 ns, 7.8125 ns/op
OverheadActual  13: 64 op, 600.00 ns, 9.3750 ns/op
OverheadActual  14: 64 op, 500.00 ns, 7.8125 ns/op
OverheadActual  15: 64 op, 500.00 ns, 7.8125 ns/op
OverheadActual  16: 64 op, 500.00 ns, 7.8125 ns/op
OverheadActual  17: 64 op, 500.00 ns, 7.8125 ns/op

WorkloadWarmup   1: 64 op, 716664700.00 ns, 11.1979 ms/op
WorkloadWarmup   2: 64 op, 710457400.00 ns, 11.1009 ms/op
WorkloadWarmup   3: 64 op, 712544400.00 ns, 11.1335 ms/op
WorkloadWarmup   4: 64 op, 708731200.00 ns, 11.0739 ms/op
WorkloadWarmup   5: 64 op, 710127000.00 ns, 11.0957 ms/op
WorkloadWarmup   6: 64 op, 708293100.00 ns, 11.0671 ms/op

// BeforeActualRun
WorkloadActual   1: 64 op, 711816000.00 ns, 11.1221 ms/op
WorkloadActual   2: 64 op, 709899100.00 ns, 11.0922 ms/op
WorkloadActual   3: 64 op, 712305600.00 ns, 11.1298 ms/op
WorkloadActual   4: 64 op, 713293100.00 ns, 11.1452 ms/op
WorkloadActual   5: 64 op, 826725500.00 ns, 12.9176 ms/op
WorkloadActual   6: 64 op, 713254900.00 ns, 11.1446 ms/op
WorkloadActual   7: 64 op, 710088200.00 ns, 11.0951 ms/op
WorkloadActual   8: 64 op, 709028400.00 ns, 11.0786 ms/op
WorkloadActual   9: 64 op, 710828700.00 ns, 11.1067 ms/op
WorkloadActual  10: 64 op, 709302800.00 ns, 11.0829 ms/op
WorkloadActual  11: 64 op, 710886600.00 ns, 11.1076 ms/op
WorkloadActual  12: 64 op, 708328200.00 ns, 11.0676 ms/op
WorkloadActual  13: 64 op, 733749000.00 ns, 11.4648 ms/op
WorkloadActual  14: 64 op, 710146200.00 ns, 11.0960 ms/op
WorkloadActual  15: 64 op, 710684300.00 ns, 11.1044 ms/op

// AfterActualRun
WorkloadResult   1: 64 op, 711815500.00 ns, 11.1221 ms/op
WorkloadResult   2: 64 op, 709898600.00 ns, 11.0922 ms/op
WorkloadResult   3: 64 op, 712305100.00 ns, 11.1298 ms/op
WorkloadResult   4: 64 op, 713292600.00 ns, 11.1452 ms/op
WorkloadResult   5: 64 op, 713254400.00 ns, 11.1446 ms/op
WorkloadResult   6: 64 op, 710087700.00 ns, 11.0951 ms/op
WorkloadResult   7: 64 op, 709027900.00 ns, 11.0786 ms/op
WorkloadResult   8: 64 op, 710828200.00 ns, 11.1067 ms/op
WorkloadResult   9: 64 op, 709302300.00 ns, 11.0828 ms/op
WorkloadResult  10: 64 op, 710886100.00 ns, 11.1076 ms/op
WorkloadResult  11: 64 op, 708327700.00 ns, 11.0676 ms/op
WorkloadResult  12: 64 op, 710145700.00 ns, 11.0960 ms/op
WorkloadResult  13: 64 op, 710683800.00 ns, 11.1044 ms/op
// GC:  465 2 0 2922590720 64
// Threading:  0 0 64

// AfterAll
// Benchmark Process 4680 has exited with code 0.

Mean = 11.106 ms, StdErr = 0.007 ms (0.06%), N = 13, StdDev = 0.024 ms
Min = 11.068 ms, Q1 = 11.092 ms, Median = 11.104 ms, Q3 = 11.122 ms, Max = 11.145 ms
IQR = 0.030 ms, LowerFence = 11.047 ms, UpperFence = 11.167 ms
ConfidenceInterval = [11.077 ms; 11.135 ms] (CI 99.9%), Margin = 0.029 ms (0.26% of Mean)
Skewness = 0.27, Kurtosis = 1.82, MValue = 2

// ** Remained 0 (0,0 %) benchmark(s) to run. Estimated finish 2026-05-01 15:31 (0h 0m from now) **
Successfully reverted power plan (GUID: 9238ba58-c906-4fdf-bbbd-425869df4a71 FriendlyName: Acer)
// ***** BenchmarkRunner: Finish  *****

// * Export *
  BenchmarkDotNet.Artifacts\results\impl_search.SortBenchmark-report.csv
  BenchmarkDotNet.Artifacts\results\impl_search.SortBenchmark-report-github.md
  BenchmarkDotNet.Artifacts\results\impl_search.SortBenchmark-report.html

// * Detailed results *
SortBenchmark.Running_Astar: DefaultJob [whichGrid=0]
Runtime = .NET 8.0.8 (8.0.8, 8.0.824.36612), X64 RyuJIT x86-64-v3; GC = Concurrent Workstation
Mean = 18.903 μs, StdErr = 0.023 μs (0.12%), N = 15, StdDev = 0.089 μs
Min = 18.714 μs, Q1 = 18.858 μs, Median = 18.878 μs, Q3 = 18.973 μs, Max = 19.048 μs
IQR = 0.115 μs, LowerFence = 18.685 μs, UpperFence = 19.145 μs
ConfidenceInterval = [18.808 μs; 18.997 μs] (CI 99.9%), Margin = 0.095 μs (0.50% of Mean)
Skewness = -0.04, Kurtosis = 2.41, MValue = 2
-------------------- Histogram --------------------
[18.667 μs ; 19.052 μs) | @@@@@@@@@@@@@@@
---------------------------------------------------

SortBenchmark.Running_CnC: DefaultJob [whichGrid=0]
Runtime = .NET 8.0.8 (8.0.8, 8.0.824.36612), X64 RyuJIT x86-64-v3; GC = Concurrent Workstation
Mean = 4.244 μs, StdErr = 0.002 μs (0.04%), N = 14, StdDev = 0.007 μs
Min = 4.235 μs, Q1 = 4.240 μs, Median = 4.242 μs, Q3 = 4.246 μs, Max = 4.257 μs
IQR = 0.007 μs, LowerFence = 4.230 μs, UpperFence = 4.256 μs
ConfidenceInterval = [4.236 μs; 4.251 μs] (CI 99.9%), Margin = 0.007 μs (0.17% of Mean)
Skewness = 0.72, Kurtosis = 2.49, MValue = 2
-------------------- Histogram --------------------
[4.231 μs ; 4.261 μs) | @@@@@@@@@@@@@@
---------------------------------------------------

SortBenchmark.Running_JPS: DefaultJob [whichGrid=0]
Runtime = .NET 8.0.8 (8.0.8, 8.0.824.36612), X64 RyuJIT x86-64-v3; GC = Concurrent Workstation
Mean = 16.052 μs, StdErr = 0.006 μs (0.03%), N = 14, StdDev = 0.021 μs
Min = 16.009 μs, Q1 = 16.049 μs, Median = 16.052 μs, Q3 = 16.063 μs, Max = 16.082 μs
IQR = 0.014 μs, LowerFence = 16.028 μs, UpperFence = 16.084 μs
ConfidenceInterval = [16.028 μs; 16.075 μs] (CI 99.9%), Margin = 0.024 μs (0.15% of Mean)
Skewness = -0.88, Kurtosis = 2.99, MValue = 2
-------------------- Histogram --------------------
[15.997 μs ; 16.093 μs) | @@@@@@@@@@@@@@
---------------------------------------------------

SortBenchmark.Running_Astar: DefaultJob [whichGrid=1]
Runtime = .NET 8.0.8 (8.0.8, 8.0.824.36612), X64 RyuJIT x86-64-v3; GC = Concurrent Workstation
Mean = 64.711 μs, StdErr = 0.028 μs (0.04%), N = 13, StdDev = 0.100 μs
Min = 64.538 μs, Q1 = 64.644 μs, Median = 64.712 μs, Q3 = 64.779 μs, Max = 64.906 μs
IQR = 0.135 μs, LowerFence = 64.442 μs, UpperFence = 64.982 μs
ConfidenceInterval = [64.591 μs; 64.831 μs] (CI 99.9%), Margin = 0.120 μs (0.19% of Mean)
Skewness = 0.14, Kurtosis = 2.11, MValue = 2
-------------------- Histogram --------------------
[64.482 μs ; 64.961 μs) | @@@@@@@@@@@@@
---------------------------------------------------

SortBenchmark.Running_CnC: DefaultJob [whichGrid=1]
Runtime = .NET 8.0.8 (8.0.8, 8.0.824.36612), X64 RyuJIT x86-64-v3; GC = Concurrent Workstation
Mean = 3.029 μs, StdErr = 0.002 μs (0.05%), N = 14, StdDev = 0.006 μs
Min = 3.023 μs, Q1 = 3.025 μs, Median = 3.027 μs, Q3 = 3.035 μs, Max = 3.042 μs
IQR = 0.010 μs, LowerFence = 3.011 μs, UpperFence = 3.049 μs
ConfidenceInterval = [3.022 μs; 3.036 μs] (CI 99.9%), Margin = 0.007 μs (0.23% of Mean)
Skewness = 0.75, Kurtosis = 1.93, MValue = 2
-------------------- Histogram --------------------
[3.020 μs ; 3.045 μs) | @@@@@@@@@@@@@@
---------------------------------------------------

SortBenchmark.Running_JPS: DefaultJob [whichGrid=1]
Runtime = .NET 8.0.8 (8.0.8, 8.0.824.36612), X64 RyuJIT x86-64-v3; GC = Concurrent Workstation
Mean = 309.007 μs, StdErr = 0.178 μs (0.06%), N = 14, StdDev = 0.666 μs
Min = 308.119 μs, Q1 = 308.541 μs, Median = 308.947 μs, Q3 = 309.277 μs, Max = 310.613 μs
IQR = 0.737 μs, LowerFence = 307.436 μs, UpperFence = 310.382 μs
ConfidenceInterval = [308.256 μs; 309.759 μs] (CI 99.9%), Margin = 0.752 μs (0.24% of Mean)
Skewness = 0.79, Kurtosis = 2.96, MValue = 2
-------------------- Histogram --------------------
[307.756 μs ; 310.976 μs) | @@@@@@@@@@@@@@
---------------------------------------------------

SortBenchmark.Running_Astar: DefaultJob [whichGrid=2]
Runtime = .NET 8.0.8 (8.0.8, 8.0.824.36612), X64 RyuJIT x86-64-v3; GC = Concurrent Workstation
Mean = 447.844 μs, StdErr = 0.166 μs (0.04%), N = 15, StdDev = 0.644 μs
Min = 446.617 μs, Q1 = 447.391 μs, Median = 447.818 μs, Q3 = 448.338 μs, Max = 448.872 μs
IQR = 0.947 μs, LowerFence = 445.970 μs, UpperFence = 449.758 μs
ConfidenceInterval = [447.156 μs; 448.532 μs] (CI 99.9%), Margin = 0.688 μs (0.15% of Mean)
Skewness = -0, Kurtosis = 1.94, MValue = 2
-------------------- Histogram --------------------
[446.274 μs ; 449.214 μs) | @@@@@@@@@@@@@@@
---------------------------------------------------

SortBenchmark.Running_CnC: DefaultJob [whichGrid=2]
Runtime = .NET 8.0.8 (8.0.8, 8.0.824.36612), X64 RyuJIT x86-64-v3; GC = Concurrent Workstation
Mean = 61.963 μs, StdErr = 0.068 μs (0.11%), N = 14, StdDev = 0.255 μs
Min = 61.613 μs, Q1 = 61.786 μs, Median = 61.924 μs, Q3 = 62.035 μs, Max = 62.527 μs
IQR = 0.249 μs, LowerFence = 61.411 μs, UpperFence = 62.409 μs
ConfidenceInterval = [61.676 μs; 62.251 μs] (CI 99.9%), Margin = 0.288 μs (0.46% of Mean)
Skewness = 0.77, Kurtosis = 2.59, MValue = 2
-------------------- Histogram --------------------
[61.474 μs ; 62.666 μs) | @@@@@@@@@@@@@@
---------------------------------------------------

SortBenchmark.Running_JPS: DefaultJob [whichGrid=2]
Runtime = .NET 8.0.8 (8.0.8, 8.0.824.36612), X64 RyuJIT x86-64-v3; GC = Concurrent Workstation
Mean = 788.765 μs, StdErr = 0.494 μs (0.06%), N = 15, StdDev = 1.913 μs
Min = 785.682 μs, Q1 = 787.493 μs, Median = 789.355 μs, Q3 = 790.065 μs, Max = 791.374 μs
IQR = 2.572 μs, LowerFence = 783.635 μs, UpperFence = 793.924 μs
ConfidenceInterval = [786.720 μs; 790.810 μs] (CI 99.9%), Margin = 2.045 μs (0.26% of Mean)
Skewness = -0.49, Kurtosis = 1.74, MValue = 2
-------------------- Histogram --------------------
[784.664 μs ; 792.392 μs) | @@@@@@@@@@@@@@@
---------------------------------------------------

SortBenchmark.Running_Astar: DefaultJob [whichGrid=3]
Runtime = .NET 8.0.8 (8.0.8, 8.0.824.36612), X64 RyuJIT x86-64-v3; GC = Concurrent Workstation
Mean = 1.682 ms, StdErr = 0.002 ms (0.15%), N = 14, StdDev = 0.009 ms
Min = 1.659 ms, Q1 = 1.679 ms, Median = 1.682 ms, Q3 = 1.686 ms, Max = 1.698 ms
IQR = 0.007 ms, LowerFence = 1.669 ms, UpperFence = 1.696 ms
ConfidenceInterval = [1.671 ms; 1.692 ms] (CI 99.9%), Margin = 0.010 ms (0.62% of Mean)
Skewness = -0.51, Kurtosis = 3.42, MValue = 2
-------------------- Histogram --------------------
[1.654 ms ; 1.700 ms) | @@@@@@@@@@@@@@
---------------------------------------------------

SortBenchmark.Running_CnC: DefaultJob [whichGrid=3]
Runtime = .NET 8.0.8 (8.0.8, 8.0.824.36612), X64 RyuJIT x86-64-v3; GC = Concurrent Workstation
Mean = 122.182 μs, StdErr = 0.172 μs (0.14%), N = 13, StdDev = 0.619 μs
Min = 121.580 μs, Q1 = 121.793 μs, Median = 121.854 μs, Q3 = 122.237 μs, Max = 123.553 μs
IQR = 0.444 μs, LowerFence = 121.126 μs, UpperFence = 122.903 μs
ConfidenceInterval = [121.441 μs; 122.924 μs] (CI 99.9%), Margin = 0.741 μs (0.61% of Mean)
Skewness = 1.02, Kurtosis = 2.52, MValue = 2
-------------------- Histogram --------------------
[121.235 μs ; 123.898 μs) | @@@@@@@@@@@@@
---------------------------------------------------

SortBenchmark.Running_JPS: DefaultJob [whichGrid=3]
Runtime = .NET 8.0.8 (8.0.8, 8.0.824.36612), X64 RyuJIT x86-64-v3; GC = Concurrent Workstation
Mean = 1.106 ms, StdErr = 0.001 ms (0.05%), N = 15, StdDev = 0.002 ms
Min = 1.103 ms, Q1 = 1.105 ms, Median = 1.106 ms, Q3 = 1.108 ms, Max = 1.111 ms
IQR = 0.003 ms, LowerFence = 1.100 ms, UpperFence = 1.112 ms
ConfidenceInterval = [1.104 ms; 1.109 ms] (CI 99.9%), Margin = 0.002 ms (0.22% of Mean)
Skewness = 0.37, Kurtosis = 2.03, MValue = 2
-------------------- Histogram --------------------
[1.102 ms ; 1.112 ms) | @@@@@@@@@@@@@@@
---------------------------------------------------

SortBenchmark.Running_Astar: DefaultJob [whichGrid=4]
Runtime = .NET 8.0.8 (8.0.8, 8.0.824.36612), X64 RyuJIT x86-64-v3; GC = Concurrent Workstation
Mean = 1.155 ms, StdErr = 0.006 ms (0.52%), N = 26, StdDev = 0.031 ms
Min = 1.117 ms, Q1 = 1.132 ms, Median = 1.138 ms, Q3 = 1.181 ms, Max = 1.236 ms
IQR = 0.049 ms, LowerFence = 1.058 ms, UpperFence = 1.254 ms
ConfidenceInterval = [1.132 ms; 1.177 ms] (CI 99.9%), Margin = 0.022 ms (1.95% of Mean)
Skewness = 0.78, Kurtosis = 2.6, MValue = 2.71
-------------------- Histogram --------------------
[1.114 ms ; 1.142 ms) | @@@@@@@@@@@@@@
[1.142 ms ; 1.173 ms) | @@@
[1.173 ms ; 1.200 ms) | @@@@@@@@
[1.200 ms ; 1.250 ms) | @
---------------------------------------------------

SortBenchmark.Running_CnC: DefaultJob [whichGrid=4]
Runtime = .NET 8.0.8 (8.0.8, 8.0.824.36612), X64 RyuJIT x86-64-v3; GC = Concurrent Workstation
Mean = 149.022 μs, StdErr = 0.311 μs (0.21%), N = 15, StdDev = 1.204 μs
Min = 146.959 μs, Q1 = 147.804 μs, Median = 149.416 μs, Q3 = 149.995 μs, Max = 150.683 μs
IQR = 2.191 μs, LowerFence = 144.517 μs, UpperFence = 153.281 μs
ConfidenceInterval = [147.735 μs; 150.310 μs] (CI 99.9%), Margin = 1.287 μs (0.86% of Mean)
Skewness = -0.36, Kurtosis = 1.47, MValue = 2
-------------------- Histogram --------------------
[146.318 μs ; 151.123 μs) | @@@@@@@@@@@@@@@
---------------------------------------------------

SortBenchmark.Running_JPS: DefaultJob [whichGrid=4]
Runtime = .NET 8.0.8 (8.0.8, 8.0.824.36612), X64 RyuJIT x86-64-v3; GC = Concurrent Workstation
Mean = 1.084 ms, StdErr = 0.004 ms (0.33%), N = 15, StdDev = 0.014 ms
Min = 1.062 ms, Q1 = 1.074 ms, Median = 1.088 ms, Q3 = 1.096 ms, Max = 1.106 ms
IQR = 0.023 ms, LowerFence = 1.039 ms, UpperFence = 1.131 ms
ConfidenceInterval = [1.069 ms; 1.099 ms] (CI 99.9%), Margin = 0.015 ms (1.38% of Mean)
Skewness = -0.15, Kurtosis = 1.53, MValue = 2
-------------------- Histogram --------------------
[1.058 ms ; 1.083 ms) | @@@@@@@
[1.083 ms ; 1.113 ms) | @@@@@@@@
---------------------------------------------------

SortBenchmark.Running_Astar: DefaultJob [whichGrid=5]
Runtime = .NET 8.0.8 (8.0.8, 8.0.824.36612), X64 RyuJIT x86-64-v3; GC = Concurrent Workstation
Mean = 13.197 ms, StdErr = 0.036 ms (0.27%), N = 15, StdDev = 0.140 ms
Min = 12.897 ms, Q1 = 13.126 ms, Median = 13.138 ms, Q3 = 13.316 ms, Max = 13.404 ms
IQR = 0.191 ms, LowerFence = 12.839 ms, UpperFence = 13.603 ms
ConfidenceInterval = [13.048 ms; 13.347 ms] (CI 99.9%), Margin = 0.149 ms (1.13% of Mean)
Skewness = -0.19, Kurtosis = 2.21, MValue = 2
-------------------- Histogram --------------------
[12.823 ms ; 13.478 ms) | @@@@@@@@@@@@@@@
---------------------------------------------------

SortBenchmark.Running_CnC: DefaultJob [whichGrid=5]
Runtime = .NET 8.0.8 (8.0.8, 8.0.824.36612), X64 RyuJIT x86-64-v3; GC = Concurrent Workstation
Mean = 2.896 ms, StdErr = 0.010 ms (0.33%), N = 15, StdDev = 0.037 ms
Min = 2.836 ms, Q1 = 2.873 ms, Median = 2.887 ms, Q3 = 2.928 ms, Max = 2.950 ms
IQR = 0.056 ms, LowerFence = 2.789 ms, UpperFence = 3.012 ms
ConfidenceInterval = [2.856 ms; 2.935 ms] (CI 99.9%), Margin = 0.040 ms (1.37% of Mean)
Skewness = -0.04, Kurtosis = 1.68, MValue = 2
-------------------- Histogram --------------------
[2.817 ms ; 2.970 ms) | @@@@@@@@@@@@@@@
---------------------------------------------------

SortBenchmark.Running_JPS: DefaultJob [whichGrid=5]
Runtime = .NET 8.0.8 (8.0.8, 8.0.824.36612), X64 RyuJIT x86-64-v3; GC = Concurrent Workstation
Mean = 4.202 ms, StdErr = 0.009 ms (0.22%), N = 15, StdDev = 0.037 ms
Min = 4.138 ms, Q1 = 4.177 ms, Median = 4.205 ms, Q3 = 4.218 ms, Max = 4.274 ms
IQR = 0.042 ms, LowerFence = 4.114 ms, UpperFence = 4.281 ms
ConfidenceInterval = [4.163 ms; 4.241 ms] (CI 99.9%), Margin = 0.039 ms (0.93% of Mean)
Skewness = 0.2, Kurtosis = 2.2, MValue = 2
-------------------- Histogram --------------------
[4.118 ms ; 4.293 ms) | @@@@@@@@@@@@@@@
---------------------------------------------------

SortBenchmark.Running_Astar: DefaultJob [whichGrid=6]
Runtime = .NET 8.0.8 (8.0.8, 8.0.824.36612), X64 RyuJIT x86-64-v3; GC = Concurrent Workstation
Mean = 400.854 μs, StdErr = 2.136 μs (0.53%), N = 26, StdDev = 10.893 μs
Min = 388.807 μs, Q1 = 390.305 μs, Median = 401.533 μs, Q3 = 410.416 μs, Max = 420.160 μs
IQR = 20.111 μs, LowerFence = 360.139 μs, UpperFence = 440.582 μs
ConfidenceInterval = [392.896 μs; 408.813 μs] (CI 99.9%), Margin = 7.958 μs (1.99% of Mean)
Skewness = 0.19, Kurtosis = 1.32, MValue = 3.5
-------------------- Histogram --------------------
[385.535 μs ; 395.188 μs) | @@@@@@@@@@@@
[395.188 μs ; 404.358 μs) | @
[404.358 μs ; 414.010 μs) | @@@@@@@@@@
[414.010 μs ; 424.986 μs) | @@@
---------------------------------------------------

SortBenchmark.Running_CnC: DefaultJob [whichGrid=6]
Runtime = .NET 8.0.8 (8.0.8, 8.0.824.36612), X64 RyuJIT x86-64-v3; GC = Concurrent Workstation
Mean = 1.624 ms, StdErr = 0.001 ms (0.06%), N = 14, StdDev = 0.004 ms
Min = 1.617 ms, Q1 = 1.623 ms, Median = 1.625 ms, Q3 = 1.627 ms, Max = 1.630 ms
IQR = 0.004 ms, LowerFence = 1.616 ms, UpperFence = 1.633 ms
ConfidenceInterval = [1.620 ms; 1.628 ms] (CI 99.9%), Margin = 0.004 ms (0.25% of Mean)
Skewness = -0.28, Kurtosis = 2.29, MValue = 2
-------------------- Histogram --------------------
[1.615 ms ; 1.632 ms) | @@@@@@@@@@@@@@
---------------------------------------------------

SortBenchmark.Running_JPS: DefaultJob [whichGrid=6]
Runtime = .NET 8.0.8 (8.0.8, 8.0.824.36612), X64 RyuJIT x86-64-v3; GC = Concurrent Workstation
Mean = 11.106 ms, StdErr = 0.007 ms (0.06%), N = 13, StdDev = 0.024 ms
Min = 11.068 ms, Q1 = 11.092 ms, Median = 11.104 ms, Q3 = 11.122 ms, Max = 11.145 ms
IQR = 0.030 ms, LowerFence = 11.047 ms, UpperFence = 11.167 ms
ConfidenceInterval = [11.077 ms; 11.135 ms] (CI 99.9%), Margin = 0.029 ms (0.26% of Mean)
Skewness = 0.27, Kurtosis = 1.82, MValue = 2
-------------------- Histogram --------------------
[11.054 ms ; 11.159 ms) | @@@@@@@@@@@@@
---------------------------------------------------

// * Summary *

BenchmarkDotNet v0.15.8, Windows 11 (10.0.26200.8246/25H2/2025Update/HudsonValley2)
12th Gen Intel Core i5-12450H 2.00GHz, 1 CPU, 12 logical and 8 physical cores
.NET SDK 8.0.400
  [Host]     : .NET 8.0.8 (8.0.8, 8.0.824.36612), X64 RyuJIT x86-64-v3
  DefaultJob : .NET 8.0.8 (8.0.8, 8.0.824.36612), X64 RyuJIT x86-64-v3


| Method        | whichGrid | Mean          | Error       | StdDev      | Median        | Gen0      | Gen1     | Gen2    | Allocated   |
|-------------- |---------- |--------------:|------------:|------------:|--------------:|----------:|---------:|--------:|------------:|
| Running_Astar | 0         |     18.903 μs |   0.0946 μs |   0.0885 μs |     18.878 μs |    9.0027 |   0.4272 |       - |    55.27 KB |
| Running_CnC   | 0         |      4.244 μs |   0.0074 μs |   0.0065 μs |      4.242 μs |    1.9073 |   0.0076 |       - |    11.71 KB |
| Running_JPS   | 0         |     16.052 μs |   0.0235 μs |   0.0208 μs |     16.052 μs |    5.7068 |   0.0610 |       - |    35.07 KB |
| Running_Astar | 1         |     64.711 μs |   0.1199 μs |   0.1001 μs |     64.712 μs |   27.4658 |   2.6855 |       - |   168.29 KB |
| Running_CnC   | 1         |      3.029 μs |   0.0070 μs |   0.0062 μs |      3.027 μs |    1.4954 |   0.0305 |       - |     9.16 KB |
| Running_JPS   | 1         |    309.007 μs |   0.7517 μs |   0.6664 μs |    308.947 μs |   76.1719 |        - |       - |   468.96 KB |
| Running_Astar | 2         |    447.844 μs |   0.6881 μs |   0.6436 μs |    447.818 μs |  192.8711 |  63.9648 |       - |  1184.12 KB |
| Running_CnC   | 2         |     61.963 μs |   0.2875 μs |   0.2549 μs |     61.924 μs |   26.2451 |   1.3428 |       - |   160.81 KB |
| Running_JPS   | 2         |    788.765 μs |   2.0454 μs |   1.9133 μs |    789.355 μs |  263.6719 |   0.9766 |       - |  1620.57 KB |
| Running_Astar | 3         |  1,681.530 μs |  10.3944 μs |   9.2144 μs |  1,681.844 μs |  740.2344 |   5.8594 |       - |  4545.92 KB |
| Running_CnC   | 3         |    122.182 μs |   0.7412 μs |   0.6189 μs |    121.854 μs |   56.1523 |   4.1504 |       - |   344.68 KB |
| Running_JPS   | 3         |  1,106.365 μs |   2.3799 μs |   2.2262 μs |  1,106.166 μs |  460.9375 |   9.7656 |       - |  2832.15 KB |
| Running_Astar | 4         |  1,154.672 μs |  22.4825 μs |  30.7742 μs |  1,137.708 μs |  494.1406 | 164.0625 |       - |  3033.32 KB |
| Running_CnC   | 4         |    149.022 μs |   1.2875 μs |   1.2043 μs |    149.416 μs |   69.0918 |   6.8359 |       - |   423.45 KB |
| Running_JPS   | 4         |  1,084.132 μs |  14.9560 μs |  13.9898 μs |  1,088.195 μs |  539.0625 |   5.8594 |       - |  3308.48 KB |
| Running_Astar | 5         | 13,197.333 μs | 149.4148 μs | 139.7627 μs | 13,137.669 μs | 7140.6250 |  93.7500 | 46.8750 |  43888.2 KB |
| Running_CnC   | 5         |  2,895.657 μs |  39.5629 μs |  37.0072 μs |  2,886.933 μs | 1636.7188 | 117.1875 |       - | 10043.13 KB |
| Running_JPS   | 5         |  4,201.552 μs |  39.0265 μs |  36.5054 μs |  4,204.584 μs | 2687.5000 |  62.5000 |       - | 16484.62 KB |
| Running_Astar | 6         |    400.854 μs |   7.9584 μs |  10.8935 μs |    401.533 μs |  225.5859 |  39.5508 |       - |  1382.41 KB |
| Running_CnC   | 6         |  1,624.478 μs |   3.9992 μs |   3.5452 μs |  1,624.602 μs | 1050.7813 |  56.6406 |       - |  6445.03 KB |
| Running_JPS   | 6         | 11,105.596 μs |  28.9759 μs |  24.1962 μs | 11,104.434 μs | 7265.6250 |  31.2500 |       - |  44595.2 KB |

// * Warnings *
MultimodalDistribution
  SortBenchmark.Running_Astar: Default -> It seems that the distribution is bimodal (mValue = 3.5)

// * Hints *
Outliers
  SortBenchmark.Running_CnC: Default   -> 1 outlier  was  removed (4.26 μs)
  SortBenchmark.Running_JPS: Default   -> 1 outlier  was  removed, 3 outliers were detected (16.01 μs, 16.01 μs, 16.21 μs)
  SortBenchmark.Running_Astar: Default -> 2 outliers were removed (65.18 μs, 65.21 μs)
  SortBenchmark.Running_CnC: Default   -> 1 outlier  was  removed (3.06 μs)
  SortBenchmark.Running_JPS: Default   -> 1 outlier  was  removed (311.39 μs)
  SortBenchmark.Running_CnC: Default   -> 1 outlier  was  removed (63.08 μs)
  SortBenchmark.Running_Astar: Default -> 1 outlier  was  removed, 2 outliers were detected (1.66 ms, 1.70 ms)
  SortBenchmark.Running_CnC: Default   -> 2 outliers were removed (127.02 μs, 127.87 μs)
  SortBenchmark.Running_CnC: Default   -> 1 outlier  was  removed (1.65 ms)
  SortBenchmark.Running_JPS: Default   -> 2 outliers were removed (11.46 ms, 12.92 ms)

// * Legends *
  whichGrid : Value of the 'whichGrid' parameter
  Mean      : Arithmetic mean of all measurements
  Error     : Half of 99.9% confidence interval
  StdDev    : Standard deviation of all measurements
  Median    : Value separating the higher half of all measurements (50th percentile)
  Gen0      : GC Generation 0 collects per 1000 operations
  Gen1      : GC Generation 1 collects per 1000 operations
  Gen2      : GC Generation 2 collects per 1000 operations
  Allocated : Allocated memory per single operation (managed only, inclusive, 1KB = 1024B)
  1 μs      : 1 Microsecond (0.000001 sec)

// * Diagnostic Output - MemoryDiagnoser *


// ***** BenchmarkRunner: End *****
Run time: 00:06:40 (400.84 sec), executed benchmarks: 21

Global total time: 00:06:47 (407.73 sec), executed benchmarks: 21
// * Artifacts cleanup *
Artifacts cleanup is finished
